{
  "video": "/data5/zgw/video_datasets/Video-MME/videos/HLxvq_M4218.mp4",
  "video_name": "HLxvq_M4218",
  "fps": 23.976023976023978,
  "sample_rate": 1.0,
  "frame_count": 9215,
  "duration": 384.34229166666665,
  "width": 1280,
  "height": 720,
  "sampled_frame_indices": [
    0,
    24,
    48,
    72,
    96,
    120,
    144,
    168,
    192,
    216,
    240,
    264,
    288,
    312,
    336,
    360,
    384,
    408,
    432,
    456,
    480,
    504,
    528,
    552,
    576,
    600,
    624,
    648,
    672,
    696,
    720,
    744,
    768,
    792,
    816,
    840,
    864,
    888,
    912,
    936,
    960,
    984,
    1008,
    1032,
    1056,
    1080,
    1104,
    1128,
    1152,
    1176,
    1200,
    1224,
    1248,
    1272,
    1296,
    1320,
    1344,
    1368,
    1392,
    1416,
    1440,
    1464,
    1488,
    1512,
    1536,
    1560,
    1584,
    1608,
    1632,
    1656,
    1680,
    1704,
    1728,
    1752,
    1776,
    1800,
    1824,
    1848,
    1872,
    1896,
    1920,
    1944,
    1968,
    1992,
    2016,
    2040,
    2064,
    2088,
    2112,
    2136,
    2160,
    2184,
    2208,
    2232,
    2256,
    2280,
    2304,
    2328,
    2352,
    2376,
    2400,
    2424,
    2448,
    2472,
    2496,
    2520,
    2544,
    2568,
    2592,
    2616,
    2640,
    2664,
    2688,
    2712,
    2736,
    2760,
    2784,
    2808,
    2832,
    2856,
    2880,
    2904,
    2928,
    2952,
    2976,
    3000,
    3024,
    3048,
    3072,
    3096,
    3120,
    3144,
    3168,
    3192,
    3216,
    3240,
    3264,
    3288,
    3312,
    3336,
    3360,
    3384,
    3408,
    3432,
    3456,
    3480,
    3504,
    3528,
    3552,
    3576,
    3600,
    3624,
    3648,
    3672,
    3696,
    3720,
    3744,
    3768,
    3792,
    3816,
    3840,
    3864,
    3888,
    3912,
    3936,
    3960,
    3984,
    4008,
    4032,
    4056,
    4080,
    4104,
    4128,
    4152,
    4176,
    4200,
    4224,
    4248,
    4272,
    4296,
    4320,
    4344,
    4368,
    4392,
    4416,
    4440,
    4464,
    4488,
    4512,
    4536,
    4560,
    4584,
    4608,
    4632,
    4656,
    4680,
    4704,
    4728,
    4752,
    4776,
    4800,
    4824,
    4848,
    4872,
    4896,
    4920,
    4944,
    4968,
    4992,
    5016,
    5040,
    5064,
    5088,
    5112,
    5136,
    5160,
    5184,
    5208,
    5232,
    5256,
    5280,
    5304,
    5328,
    5352,
    5376,
    5400,
    5424,
    5448,
    5472,
    5496,
    5520,
    5544,
    5568,
    5592,
    5616,
    5640,
    5664,
    5688,
    5712,
    5736,
    5760,
    5784,
    5808,
    5832,
    5856,
    5880,
    5904,
    5928,
    5952,
    5976,
    6000,
    6024,
    6048,
    6072,
    6096,
    6120,
    6144,
    6168,
    6192,
    6216,
    6240,
    6264,
    6288,
    6312,
    6336,
    6360,
    6384,
    6408,
    6432,
    6456,
    6480,
    6504,
    6528,
    6552,
    6576,
    6600,
    6624,
    6648,
    6672,
    6696,
    6720,
    6744,
    6768,
    6792,
    6816,
    6840,
    6864,
    6888,
    6912,
    6936,
    6960,
    6984,
    7008,
    7032,
    7056,
    7080,
    7104,
    7128,
    7152,
    7176,
    7200,
    7224,
    7248,
    7272,
    7296,
    7320,
    7344,
    7368,
    7392,
    7416,
    7440,
    7464,
    7488,
    7512,
    7536,
    7560,
    7584,
    7608,
    7632,
    7656,
    7680,
    7704,
    7728,
    7752,
    7776,
    7800,
    7824,
    7848,
    7872,
    7896,
    7920,
    7944,
    7968,
    7992,
    8016,
    8040,
    8064,
    8088,
    8112,
    8136,
    8160,
    8184,
    8208,
    8232,
    8256,
    8280,
    8304,
    8328,
    8352,
    8376,
    8400,
    8424,
    8448,
    8472,
    8496,
    8520,
    8544,
    8568,
    8592,
    8616,
    8640,
    8664,
    8688,
    8712,
    8736,
    8760,
    8784,
    8808,
    8832,
    8856,
    8880,
    8904,
    8928,
    8952,
    8976,
    9000,
    9024,
    9048,
    9072,
    9096,
    9120,
    9144,
    9168,
    9192
  ],
  "shots": [
    {
      "start_frame": 0,
      "end_frame": 336,
      "start_frame_sample": 0,
      "end_frame_sample": 14,
      "score": 190.3030655965556,
      "representative_frame": {
        "index": 0,
        "sample_index": 0,
        "timestamp": 0.0
      }
    },
    {
      "start_frame": 360,
      "end_frame": 360,
      "start_frame_sample": 15,
      "end_frame_sample": 15,
      "score": 79075.12016374453,
      "representative_frame": {
        "index": 360,
        "sample_index": 15,
        "timestamp": 15.014999999999999
      }
    },
    {
      "start_frame": 384,
      "end_frame": 432,
      "start_frame_sample": 16,
      "end_frame_sample": 18,
      "score": 35.26581479985731,
      "representative_frame": {
        "index": 384,
        "sample_index": 16,
        "timestamp": 16.016
      }
    },
    {
      "start_frame": 456,
      "end_frame": 576,
      "start_frame_sample": 19,
      "end_frame_sample": 24,
      "score": 140529.2245715728,
      "representative_frame": {
        "index": 456,
        "sample_index": 19,
        "timestamp": 19.019
      }
    },
    {
      "start_frame": 600,
      "end_frame": 624,
      "start_frame_sample": 25,
      "end_frame_sample": 26,
      "score": 1766.9637148838096,
      "representative_frame": {
        "index": 600,
        "sample_index": 25,
        "timestamp": 25.025
      }
    },
    {
      "start_frame": 648,
      "end_frame": 888,
      "start_frame_sample": 27,
      "end_frame_sample": 37,
      "score": 602.8921754446822,
      "representative_frame": {
        "index": 648,
        "sample_index": 27,
        "timestamp": 27.026999999999997
      }
    },
    {
      "start_frame": 912,
      "end_frame": 1008,
      "start_frame_sample": 38,
      "end_frame_sample": 42,
      "score": 1036.8087350375745,
      "representative_frame": {
        "index": 912,
        "sample_index": 38,
        "timestamp": 38.038
      }
    },
    {
      "start_frame": 1032,
      "end_frame": 1104,
      "start_frame_sample": 43,
      "end_frame_sample": 46,
      "score": 2523.2940408288464,
      "representative_frame": {
        "index": 1032,
        "sample_index": 43,
        "timestamp": 43.043
      }
    },
    {
      "start_frame": 1128,
      "end_frame": 1152,
      "start_frame_sample": 47,
      "end_frame_sample": 48,
      "score": 56.404248170642745,
      "representative_frame": {
        "index": 1128,
        "sample_index": 47,
        "timestamp": 47.047
      }
    },
    {
      "start_frame": 1176,
      "end_frame": 1248,
      "start_frame_sample": 49,
      "end_frame_sample": 52,
      "score": 335.85641216213946,
      "representative_frame": {
        "index": 1176,
        "sample_index": 49,
        "timestamp": 49.049
      }
    },
    {
      "start_frame": 1272,
      "end_frame": 1416,
      "start_frame_sample": 53,
      "end_frame_sample": 59,
      "score": 68497.16337407299,
      "representative_frame": {
        "index": 1272,
        "sample_index": 53,
        "timestamp": 53.053
      }
    },
    {
      "start_frame": 1440,
      "end_frame": 1608,
      "start_frame_sample": 60,
      "end_frame_sample": 67,
      "score": 227.5171999210602,
      "representative_frame": {
        "index": 1440,
        "sample_index": 60,
        "timestamp": 60.059999999999995
      }
    },
    {
      "start_frame": 1632,
      "end_frame": 1704,
      "start_frame_sample": 68,
      "end_frame_sample": 71,
      "score": 74.7615709855305,
      "representative_frame": {
        "index": 1632,
        "sample_index": 68,
        "timestamp": 68.068
      }
    },
    {
      "start_frame": 1728,
      "end_frame": 1728,
      "start_frame_sample": 72,
      "end_frame_sample": 72,
      "score": 145.97609023098573,
      "representative_frame": {
        "index": 1728,
        "sample_index": 72,