{
  "video": "/data5/zgw/video_datasets/Video-MME/videos/IzQ2siryQrM.mp4",
  "video_name": "IzQ2siryQrM",
  "fps": 23.976023976023978,
  "sample_rate": 1.0,
  "frame_count": 2713,
  "duration": 113.15470833333333,
  "width": 1280,
  "height": 720,
  "sampled_frame_indices": [
    0,
    24,
    48,
    72,
    96,
    120,
    144,
    168,
    192,
    216,
    240,
    264,
    288,
    312,
    336,
    360,
    384,
    408,
    432,
    456,
    480,
    504,
    528,
    552,
    576,
    600,
    624,
    648,
    672,
    696,
    720,
    744,
    768,
    792,
    816,
    840,
    864,
    888,
    912,
    936,
    960,
    984,
    1008,
    1032,
    1056,
    1080,
    1104,
    1128,
    1152,
    1176,
    1200,
    1224,
    1248,
    1272,
    1296,
    1320,
    1344,
    1368,
    1392,
    1416,
    1440,
    1464,
    1488,
    1512,
    1536,
    1560,
    1584,
    1608,
    1632,
    1656,
    1680,
    1704,
    1728,
    1752,
    1776,
    1800,
    1824,
    1848,
    1872,
    1896,
    1920,
    1944,
    1968,
    1992,
    2016,
    2040,
    2064,
    2088,
    2112,
    2136,
    2160,
    2184,
    2208,
    2232,
    2256,
    2280,
    2304,
    2328,
    2352,
    2376,
    2400,
    2424,
    2448,
    2472,
    2496,
    2520,
    2544,
    2568,
    2592,
    2616,
    2640,
    2664,
    2688,
    2712
  ],
  "shots": [
    {
      "start_frame": 0,
      "end_frame": 264,
      "start_frame_sample": 0,
      "end_frame_sample": 11,
      "score": 526.2964828724016,
      "representative_frame": {
        "index": 0,
        "sample_index": 0,
        "timestamp": 0.0
      }
    },
    {
      "start_frame": 288,
      "end_frame": 384,
      "start_frame_sample": 12,
      "end_frame_sample": 16,
      "score": 35.782692568489225,
      "representative_frame": {
        "index": 288,
        "sample_index": 12,
        "timestamp": 12.011999999999999
      }
    },
    {
      "start_frame": 408,
      "end_frame": 408,
      "start_frame_sample": 17,
      "end_frame_sample": 17,
      "score": 42.09781558095186,
      "representative_frame": {
        "index": 408,
        "sample_index": 17,
        "timestamp": 17.017
      }
    },
    {
      "start_frame": 432,
      "end_frame": 960,
      "start_frame_sample": 18,
      "end_frame_sample": 40,
      "score": 247.5347621125549,
      "representative_frame": {
        "index": 432,
        "sample_index": 18,
        "timestamp": 18.017999999999997
      }
    },
    {
      "start_frame": 984,
      "end_frame": 1128,
      "start_frame_sample": 41,
      "end_frame_sample": 47,
      "score": 482.6825607232313,
      "representative_frame": {
        "index": 984,
        "sample_index": 41,
        "timestamp": 41.041
      }
    },
    {
      "start_frame": 1152,
      "end_frame": 1152,
      "start_frame_sample": 48,
      "end_frame_sample": 48,
      "score": 73.09793013871099,
      "representative_frame": {
        "index": 1152,
        "sample_index": 48,
        "timestamp": 48.047999999999995
      }
    },
    {
      "start_frame": 1176,
      "end_frame": 1176,
      "start_frame_sample": 49,
      "end_frame_sample": 49,
      "score": 104.83355271630776,
      "representative_frame": {
        "index": 1176,
        "sample_index": 49,
        "timestamp": 49.049
      }
    },
    {
      "start_frame": 1200,
      "end_frame": 1200,
      "start_frame_sample": 50,
      "end_frame_sample": 50,
      "score": 39.37597317565523,
      "representative_frame": {
        "index": 1200,
        "sample_index": 50,
        "timestamp": 50.05
      }
    },
    {
      "start_frame": 1224,
      "end_frame": 1224,
      "start_frame_sample": 51,
      "end_frame_sample": 51,
      "score": 61.02378068685519,
      "representative_frame": {
        "index": 1224,
        "sample_index": 51,
        "timestamp": 51.050999999999995
      }
    },
    {
      "start_frame": 1248,
      "end_frame": 1248,
      "start_frame_sample": 52,
      "end_frame_sample": 52,
      "score": 4008.190976078771,
      "representative_frame": {
        "index": 1248,
        "sample_index": 52,
        "timestamp": 52.052
      }
    },
    {
      "start_frame": 1272,
      "end_frame": 1368,
      "start_frame_sample": 53,
      "end_frame_sample": 57,
      "score": 46.08349768541295,
      "representative_frame": {
        "index": 1272,
        "sample_index": 53,
        "timestamp": 53.053
      }
    },
    {
      "start_frame": 1392,
      "end_frame": 1488,
      "start_frame_sample": 58,
      "end_frame_sample": 62,
      "score": 40.5974321169057,
      "representative_frame": {
        "index": 1392,
        "sample_index": 58,
        "timestamp": 58.05799999999999
      }
    },
    {
      "start_frame": 1512,
      "end_frame": 1512,
      "start_frame_sample": 63,
      "end_frame_sample": 63,
      "score": 248.51091248333148,
      "representative_frame": {
        "index": 1512,
        "sample_index": 63,
        "timestamp": 63.062999999999995
      }
    },
    {
      "start_frame": 1536,
      "end_frame": 1608,
      "start_frame_sample": 64,
      "end_frame_sample": 67,
      "score": 247.93148957534868,
      "representative_frame": {
        "index": 1536,
        "sample_index": 64,
        "timestamp": 64.064
      }
    },
    {
      "start_frame": 1632,
      "end_frame": 1704,
      "start_frame_sample": 68,
      "end_frame_sample": 71,
      "score": 806.1578284366141,
      "representative_frame": {
        "index": 1632,
        "sample_index": 68,
        "timestamp": 68.068
      }
    },
    {
      "start_frame": 1728,
      "end_frame": 1752,
      "start_frame_sample": 72,
      "end_frame_sample": 73,
      "score": 1202.5584797441377,
      "representative_frame": {
        "index": 1728,
        "sample_index": 72,
        "timestamp": 72.07199999999999
      }
    },
    {
      "start_frame": 1776,
      "end_frame": 1800,
      "start_frame_sample": 74,
      "end_frame_sample": 75,
      "score": 183.9823663678152,
      "representative_frame": {
        "index": 1776,
        "sample_index": 74,
        "timestamp": 74.074
      }
    },
    {
      "start_frame": 1824,
      "end_frame": 2112,
      "start_frame_sample": 76,
      "end_frame_sample": 88,
      "score": 48.250244901488635,
      "representative_frame": {
        "index": 1824,
        "sample_index": 76,
        "timestamp": 76.076
      }
    },
    {
      "start_frame": 2136,
      "end_frame": 2328,
      "start_frame_sample": 89,
      "end_frame_sample": 97,
      "score": 568.0430006785753,
      "representative_frame": {
        "index": 2136,
        "sample_index": 89,
        "timestamp": 89.089
      }
    },
    {
      "start_frame": 2352,
      "end_frame": 2352,
      "start_frame_sample": 98,
      "end_frame_sample": 98,
      "score": 61.37078278052739,
      "representative_frame": {
        "index": 2352,
        "sample_index": 98,
        "timestamp": 98.098
      }
    },
    {
      "start_frame": 2376,
      "end_frame": 2472,
      "start_frame_sample": 99,
      "end_frame_sample": 103,
      "score": 686.4952825458133,
      "representative_frame": {
        "index": 2376,
        "sample_index": 99,
        "timestamp": 99.09899999999999
      }
    },
    {
      "start_frame": 2496,
      "end_frame": 2496,
      "start_frame_sample": 104,
      "end_frame_sample": 104,
      "score": 145.76251560213126,
      "representative_frame": {
        "index": 2496,
        "sample_index": 104,
        "timestamp": 104.104
      }
    },
    {
      "start_frame": 2520,
      "end_frame": 2664,
      "start_frame_sample": 105,
      "end_frame_sample": 111,
      "score": 364346.9942550726,
      "representative_frame": {
        "index": 2520,
        "sample_index": 105,
        "timestamp": 105.10499999999999
      }
    },
    {
      "start_frame": 2688,
      "end_frame": 2712,