{
  "video": "/data5/zgw/video_datasets/Video-MME/videos/0ay2Qy3wBe8.mp4",
  "video_name": "0ay2Qy3wBe8",
  "fps": 29.97002997002997,
  "sample_rate": 1.0,
  "frame_count": 2277,
  "duration": 75.9759,
  "width": 1280,
  "height": 720,
  "sampled_frame_indices": [
    0,
    30,
    60,
    90,
    120,
    150,
    180,
    210,
    240,
    270,
    300,
    330,
    360,
    390,
    420,
    450,
    480,
    510,
    540,
    570,
    600,
    630,
    660,
    690,
    720,
    750,
    780,
    810,
    840,
    870,
    900,
    930,
    960,
    990,
    1020,
    1050,
    1080,
    1110,
    1140,
    1170,
    1200,
    1230,
    1260,
    1290,
    1320,
    1350,
    1380,
    1410,
    1440,
    1470,
    1500,
    1530,
    1560,
    1590,
    1620,
    1650,
    1680,
    1710,
    1740,
    1770,
    1800,
    1830,
    1860,
    1890,
    1920,
    1950,
    1980,
    2010,
    2040,
    2070,
    2100,
    2130,
    2160,
    2190,
    2220,
    2250
  ],
  "shots": [
    {
      "start_frame": 0,
      "end_frame": 120,
      "start_frame_sample": 0,
      "end_frame_sample": 4,
      "score": 53.95600409588361,
      "representative_frame": {
        "index": 0,
        "sample_index": 0,
        "timestamp": 0.0
      }
    },
    {
      "start_frame": 150,
      "end_frame": 1890,
      "start_frame_sample": 5,
      "end_frame_sample": 63,
      "score": 32.276394302141114,
      "representative_frame": {
        "index": 150,
        "sample_index": 5,
        "timestamp": 5.005
      }
    },
    {
      "start_frame": 1920,
      "end_frame": 2220,
      "start_frame_sample": 64,
      "end_frame_sample": 74,
      "score": 1060.1171069676623,
      "representative_frame": {
        "index": 1920,
        "sample_index": 64,
        "timestamp": 64.06400000000001
      }
    },
    {
      "start_frame": 2250,
      "end_frame": 2250,
      "start_frame_sample": 75,
      "end_frame_sample": 75,
      "score": 0.0,
      "representative_frame": {
        "index": 2250,
        "sample_index": 75,
        "timestamp": 75.075
      }
    }
  ]
}