{
  "video": "/data5/zgw/video_datasets/Video-MME/videos/-O6mJ0VBTc4.mp4",
  "video_name": "-O6mJ0VBTc4",
  "fps": 30.0,
  "sample_rate": 1.0,
  "frame_count": 2203,
  "duration": 73.43333333333334,
  "width": 1280,
  "height": 720,
  "sampled_frame_indices": [
    0,
    30,
    60,
    90,
    120,
    150,
    180,
    210,
    240,
    270,
    300,
    330,
    360,
    390,
    420,
    450,
    480,
    510,
    540,
    570,
    600,
    630,
    660,
    690,
    720,
    750,
    780,
    810,
    840,
    870,
    900,
    930,
    960,
    990,
    1020,
    1050,
    1080,
    1110,
    1140,
    1170,
    1200,
    1230,
    1260,
    1290,
    1320,
    1350,
    1380,
    1410,
    1440,
    1470,
    1500,
    1530,
    1560,
    1590,
    1620,
    1650,
    1680,
    1710,
    1740,
    1770,
    1800,
    1830,
    1860,
    1890,
    1920,
    1950,
    1980,
    2010,
    2040,
    2070,
    2100,
    2130,
    2160,
    2190
  ],
  "shots": [
    {
      "start_frame": 0,
      "end_frame": 1770,
      "start_frame_sample": 0,
      "end_frame_sample": 59,
      "score": 68.68113695317027,
      "representative_frame": {
        "index": 0,
        "sample_index": 0,
        "timestamp": 0.0
      }
    },
    {
      "start_frame": 1800,
      "end_frame": 2190,
      "start_frame_sample": 60,
      "end_frame_sample": 73,
      "score": 0.0,
      "representative_frame": {
        "index": 1800,
        "sample_index": 60,
        "timestamp": 60.0
      }
    }
  ]
}