{
  "video": "/data5/zgw/video_datasets/Video-MME/videos/257wV-AbKaE.mp4",
  "video_name": "257wV-AbKaE",
  "fps": 23.976023976023978,
  "sample_rate": 1.0,
  "frame_count": 6873,
  "duration": 286.66137499999996,
  "width": 1280,
  "height": 720,
  "sampled_frame_indices": [
    0,
    24,
    48,
    72,
    96,
    120,
    144,
    168,
    192,
    216,
    240,
    264,
    288,
    312,
    336,
    360,
    384,
    408,
    432,
    456,
    480,
    504,
    528,
    552,
    576,
    600,
    624,
    648,
    672,
    696,
    720,
    744,
    768,
    792,
    816,
    840,
    864,
    888,
    912,
    936,
    960,
    984,
    1008,
    1032,
    1056,
    1080,
    1104,
    1128,
    1152,
    1176,
    1200,
    1224,
    1248,
    1272,
    1296,
    1320,
    1344,
    1368,
    1392,
    1416,
    1440,
    1464,
    1488,
    1512,
    1536,
    1560,
    1584,
    1608,
    1632,
    1656,
    1680,
    1704,
    1728,
    1752,
    1776,
    1800,
    1824,
    1848,
    1872,
    1896,
    1920,
    1944,
    1968,
    1992,
    2016,
    2040,
    2064,
    2088,
    2112,
    2136,
    2160,
    2184,
    2208,
    2232,
    2256,
    2280,
    2304,
    2328,
    2352,
    2376,
    2400,
    2424,
    2448,
    2472,
    2496,
    2520,
    2544,
    2568,
    2592,
    2616,
    2640,
    2664,
    2688,
    2712,
    2736,
    2760,
    2784,
    2808,
    2832,
    2856,
    2880,
    2904,
    2928,
    2952,
    2976,
    3000,
    3024,
    3048,
    3072,
    3096,
    3120,
    3144,
    3168,
    3192,
    3216,
    3240,
    3264,
    3288,
    3312,
    3336,
    3360,
    3384,
    3408,
    3432,
    3456,
    3480,
    3504,
    3528,
    3552,
    3576,
    3600,
    3624,
    3648,
    3672,
    3696,
    3720,
    3744,
    3768,
    3792,
    3816,
    3840,
    3864,
    3888,
    3912,
    3936,
    3960,
    3984,
    4008,
    4032,
    4056,
    4080,
    4104,
    4128,
    4152,
    4176,
    4200,
    4224,
    4248,
    4272,
    4296,
    4320,
    4344,
    4368,
    4392,
    4416,
    4440,
    4464,
    4488,
    4512,
    4536,
    4560,
    4584,
    4608,
    4632,
    4656,
    4680,
    4704,
    4728,
    4752,
    4776,
    4800,
    4824,
    4848,
    4872,
    4896,
    4920,
    4944,
    4968,
    4992,
    5016,
    5040,
    5064,
    5088,
    5112,
    5136,
    5160,
    5184,
    5208,
    5232,
    5256,
    5280,
    5304,
    5328,
    5352,
    5376,
    5400,
    5424,
    5448,
    5472,
    5496,
    5520,
    5544,
    5568,
    5592,
    5616,
    5640,
    5664,
    5688,
    5712,
    5736,
    5760,
    5784,
    5808,
    5832,
    5856,
    5880,
    5904,
    5928,
    5952,
    5976,
    6000,
    6024,
    6048,
    6072,
    6096,
    6120,
    6144,
    6168,
    6192,
    6216,
    6240,
    6264,
    6288,
    6312,
    6336,
    6360,
    6384,
    6408,
    6432,
    6456,
    6480,
    6504,
    6528,
    6552,
    6576,
    6600,
    6624,
    6648,
    6672,
    6696,
    6720,
    6744,
    6768,
    6792,
    6816,
    6840,
    6864
  ],
  "shots": [
    {
      "start_frame": 0,
      "end_frame": 120,
      "start_frame_sample": 0,
      "end_frame_sample": 5,
      "score": 364.56163656068577,
      "representative_frame": {
        "index": 0,
        "sample_index": 0,
        "timestamp": 0.0
      }
    },
    {
      "start_frame": 144,
      "end_frame": 192,
      "start_frame_sample": 6,
      "end_frame_sample": 8,
      "score": 74.23003637599984,
      "representative_frame": {
        "index": 144,
        "sample_index": 6,
        "timestamp": 6.005999999999999
      }
    },
    {
      "start_frame": 216,
      "end_frame": 456,
      "start_frame_sample": 9,
      "end_frame_sample": 19,
      "score": 494.54996498427187,
      "representative_frame": {
        "index": 216,
        "sample_index": 9,
        "timestamp": 9.008999999999999
      }
    },
    {
      "start_frame": 480,
      "end_frame": 816,
      "start_frame_sample": 20,
      "end_frame_sample": 34,
      "score": 352.8143447938317,
      "representative_frame": {
        "index": 480,
        "sample_index": 20,
        "timestamp": 20.02
      }
    },
    {
      "start_frame": 840,
      "end_frame": 1224,
      "start_frame_sample": 35,
      "end_frame_sample": 51,
      "score": 516.1103260108217,
      "representative_frame": {
        "index": 840,
        "sample_index": 35,
        "timestamp": 35.035
      }
    },
    {
      "start_frame": 1248,
      "end_frame": 1248,
      "start_frame_sample": 52,
      "end_frame_sample": 52,
      "score": 167.21702411362284,
      "representative_frame": {
        "index": 1248,
        "sample_index": 52,
        "timestamp": 52.052
      }
    },
    {
      "start_frame": 1272,
      "end_frame": 1272,
      "start_frame_sample": 53,
      "end_frame_sample": 53,
      "score": 2621.4860165542595,
      "representative_frame": {
        "index": 1272,
        "sample_index": 53,
        "timestamp": 53.053
      }
    },
    {
      "start_frame": 1296,
      "end_frame": 1752,
      "start_frame_sample": 54,
      "end_frame_sample": 73,
      "score": 60.08347850434764,
      "representative_frame": {
        "index": 1296,
        "sample_index": 54,
        "timestamp": 54.053999999999995
      }
    },
    {
      "start_frame": 1776,
      "end_frame": 2496,
      "start_frame_sample": 74,
      "end_frame_sample": 104,
      "score": 36.70042469304056,
      "representative_frame": {
        "index": 1776,
        "sample_index": 74,
        "timestamp": 74.074
      }
    },
    {
      "start_frame": 2520,
      "end_frame": 2832,
      "start_frame_sample": 105,
      "end_frame_sample": 118,
      "score": 146.31408167668937,
      "representative_frame": {
        "index": 2520,
        "sample_index": 105,
        "timestamp": 105.10499999999999
      }
    },
    {
      "start_frame": 2856,
      "end_frame": 3288,
      "start_frame_sample": 119,
      "end_frame_sample": 137,
      "score": 242.10115170177573,
      "representative_frame": {
        "index": 2856,
        "sample_index": 119,
        "timestamp": 119.11899999999999
      }
    },
    {
      "start_frame": 3312,
      "end_frame": 3552,
      "start_frame_sample": 138,
      "end_frame_sample": 148,
      "score": 373.5758471293934,
      "representative_frame": {
        "index": 3312,
        "sample_index": 138,
        "timestamp": 138.13799999999998
      }
    },
    {
      "start_frame": 3576,
      "end_frame": 3792,
      "start_frame_sample": 149,
      "end_frame_sample": 158,
      "score": 32.749231259348214,
      "representative_frame": {
        "index": 3576,
        "sample_index": 149,
        "timestamp": 149.149
      }
    },
    {
      "start_frame": 3816,
      "end_frame": 3840,
      "start_frame_sample": 159,
      "end_frame_sample": 160,
      "score": 712.6192200716781,
      "representative_frame": {
        "index": 3816,
        "sample_index": 159,
        "timestamp": 159.159
      }
    },
    {
      "start_frame": 3864,
      "end_frame": 3888,
      "start_frame_sample": 161,
      "end_frame_sample": 162,
      "score": 86.88790510024765,
      "representative_frame": {
        "index": 3864,
        "sample_index": 161,
        "timestamp": 161.161
      }
    },
    {
      "start_frame": 3912,
      "end_frame": 3936,
      "start_frame_sample": 163,
      "end_frame_sample": 164,
      "score": 72.53628243802214,
      "representative_frame": {
        "index": 3912,
        "sample_index": 163,
        "timestamp": 163.16299999999998
      }
    },
    {
      "start_frame": 3960,
      "end_frame": 4056,
      "start_frame_sample": 165,
      "end_frame_sample": 169,
      "score": 3261.038973898292,
      "representative_frame": {
        "index": 3960,
        "sample_index": 165,
        "timestamp": 165.165
      }
    },
    {
      "start_frame": 4080,