{
  "video": "/data5/zgw/video_datasets/Video-MME/videos/CC9VeHrI3Es.mp4",
  "video_name": "CC9VeHrI3Es",
  "fps": 29.97002997002997,
  "sample_rate": 1.0,
  "frame_count": 8000,
  "duration": 266.93333333333334,
  "width": 1280,
  "height": 720,
  "sampled_frame_indices": [
    0,
    30,
    60,
    90,
    120,
    150,
    180,
    210,
    240,
    270,
    300,
    330,
    360,
    390,
    420,
    450,
    480,
    510,
    540,
    570,
    600,
    630,
    660,
    690,
    720,
    750,
    780,
    810,
    840,
    870,
    900,
    930,
    960,
    990,
    1020,
    1050,
    1080,
    1110,
    1140,
    1170,
    1200,
    1230,
    1260,
    1290,
    1320,
    1350,
    1380,
    1410,
    1440,
    1470,
    1500,
    1530,
    1560,
    1590,
    1620,
    1650,
    1680,
    1710,
    1740,
    1770,
    1800,
    1830,
    1860,
    1890,
    1920,
    1950,
    1980,
    2010,
    2040,
    2070,
    2100,
    2130,
    2160,
    2190,
    2220,
    2250,
    2280,
    2310,
    2340,
    2370,
    2400,
    2430,
    2460,
    2490,
    2520,
    2550,
    2580,
    2610,
    2640,
    2670,
    2700,
    2730,
    2760,
    2790,
    2820,
    2850,
    2880,
    2910,
    2940,
    2970,
    3000,
    3030,
    3060,
    3090,
    3120,
    3150,
    3180,
    3210,
    3240,
    3270,
    3300,
    3330,
    3360,
    3390,
    3420,
    3450,
    3480,
    3510,
    3540,
    3570,
    3600,
    3630,
    3660,
    3690,
    3720,
    3750,
    3780,
    3810,
    3840,
    3870,
    3900,
    3930,
    3960,
    3990,
    4020,
    4050,
    4080,
    4110,
    4140,
    4170,
    4200,
    4230,
    4260,
    4290,
    4320,
    4350,
    4380,
    4410,
    4440,
    4470,
    4500,
    4530,
    4560,
    4590,
    4620,
    4650,
    4680,
    4710,
    4740,
    4770,
    4800,
    4830,
    4860,
    4890,
    4920,
    4950,
    4980,
    5010,
    5040,
    5070,
    5100,
    5130,
    5160,
    5190,
    5220,
    5250,
    5280,
    5310,
    5340,
    5370,
    5400,
    5430,
    5460,
    5490,
    5520,
    5550,
    5580,
    5610,
    5640,
    5670,
    5700,
    5730,
    5760,
    5790,
    5820,
    5850,
    5880,
    5910,
    5940,
    5970,
    6000,
    6030,
    6060,
    6090,
    6120,
    6150,
    6180,
    6210,
    6240,
    6270,
    6300,
    6330,
    6360,
    6390,
    6420,
    6450,
    6480,
    6510,
    6540,
    6570,
    6600,
    6630,
    6660,
    6690,
    6720,
    6750,
    6780,
    6810,
    6840,
    6870,
    6900,
    6930,
    6960,
    6990,
    7020,
    7050,
    7080,
    7110,
    7140,
    7170,
    7200,
    7230,
    7260,
    7290,
    7320,
    7350,
    7380,
    7410,
    7440,
    7470,
    7500,
    7530,
    7560,
    7590,
    7620,
    7650,
    7680,
    7710,
    7740,
    7770,
    7800,
    7830,
    7860,
    7890,
    7920,
    7950,
    7980
  ],
  "shots": [
    {
      "start_frame": 0,
      "end_frame": 30,
      "start_frame_sample": 0,
      "end_frame_sample": 1,
      "score": 36.720531462277464,
      "representative_frame": {
        "index": 0,
        "sample_index": 0,
        "timestamp": 0.0
      }
    },
    {
      "start_frame": 60,
      "end_frame": 60,
      "start_frame_sample": 2,
      "end_frame_sample": 2,
      "score": 671.6018296201446,
      "representative_frame": {
        "index": 60,
        "sample_index": 2,
        "timestamp": 2.0020000000000002
      }
    },
    {
      "start_frame": 90,
      "end_frame": 120,
      "start_frame_sample": 3,
      "end_frame_sample": 4,
      "score": 216.5856874280182,
      "representative_frame": {
        "index": 90,
        "sample_index": 3,
        "timestamp": 3.003
      }
    },
    {
      "start_frame": 150,
      "end_frame": 210,
      "start_frame_sample": 5,
      "end_frame_sample": 7,
      "score": 77.57121042540565,
      "representative_frame": {
        "index": 150,
        "sample_index": 5,
        "timestamp": 5.005
      }
    },
    {
      "start_frame": 240,
      "end_frame": 480,
      "start_frame_sample": 8,
      "end_frame_sample": 16,
      "score": 30.579448524913957,
      "representative_frame": {
        "index": 240,
        "sample_index": 8,
        "timestamp": 8.008000000000001
      }
    },
    {
      "start_frame": 510,
      "end_frame": 1110,
      "start_frame_sample": 17,
      "end_frame_sample": 37,
      "score": 287.0888705539986,
      "representative_frame": {
        "index": 510,
        "sample_index": 17,
        "timestamp": 17.017
      }
    },
    {
      "start_frame": 1140,
      "end_frame": 1140,
      "start_frame_sample": 38,
      "end_frame_sample": 38,
      "score": 93.27503599163725,
      "representative_frame": {
        "index": 1140,
        "sample_index": 38,
        "timestamp": 38.038000000000004
      }
    },
    {
      "start_frame": 1170,
      "end_frame": 1200,
      "start_frame_sample": 39,
      "end_frame_sample": 40,
      "score": 5056.731131213241,
      "representative_frame": {
        "index": 1170,
        "sample_index": 39,
        "timestamp": 39.039
      }
    },
    {
      "start_frame": 1230,
      "end_frame": 1290,
      "start_frame_sample": 41,
      "end_frame_sample": 43,
      "score": 218.6950334565163,
      "representative_frame": {
        "index": 1230,
        "sample_index": 41,
        "timestamp": 41.041000000000004
      }
    },
    {
      "start_frame": 1320,
      "end_frame": 1710,
      "start_frame_sample": 44,
      "end_frame_sample": 57,
      "score": 401.25520090868844,
      "representative_frame": {
        "index": 1320,
        "sample_index": 44,
        "timestamp": 44.044000000000004
      }
    },
    {
      "start_frame": 1740,
      "end_frame": 1740,
      "start_frame_sample": 58,
      "end_frame_sample": 58,
      "score": 2067.4543089150643,
      "representative_frame": {
        "index": 1740,
        "sample_index": 58,
        "timestamp": 58.058
      }
    },
    {
      "start_frame": 1770,
      "end_frame": 1800,
      "start_frame_sample": 59,
      "end_frame_sample": 60,
      "score": 77.08688816237681,
      "representative_frame": {
        "index": 1770,
        "sample_index": 59,
        "timestamp": 59.059000000000005
      }
    },
    {
      "start_frame": 1830,
      "end_frame": 2160,
      "start_frame_sample": 61,
      "end_frame_sample": 72,
      "score": 427.72191600964345,
      "representative_frame": {
        "index": 1830,
        "sample_index": 61,
        "timestamp": 61.061
      }
    },
    {
      "start_frame": 2190,
      "end_frame": 2220,
      "start_frame_sample": 73,
      "end_frame_sample": 74,
      "score": 2198.212112233152,
      "representative_frame": {
        "index": 2190,
        "sample_index": 73,
        "timestamp": 73.07300000000001
      }
    },
    {
      "start_frame": 2250,
      "end_frame": 2340,
      "start_frame_sample": 75,
      "end_frame_sample": 78,
      "score": 54.415624962455,
      "representative_frame": {
        "index": 2250,
        "sample_index": 75,
        "timestamp": 75.075
      }
    },
    {
      "start_frame": 2370,
      "end_frame": 2460,
      "start_frame_sample": 79,
      "end_frame_sample": 82,
      "score": 93.44505026706527,
      "representative_frame": {
        "index": 2370,
        "sample_index": 79,
        "timestamp": 79.07900000000001
      }
    },
    {
      "start_frame": 2490,
      "end_frame": 2580,
      "start_frame_sample": 83,
      "end_frame_sample": 86,
      "score": 219.49098094402004,
      "representative_frame": {
        "index": 2490,
        "sample_index": 83,
        "timestamp": 83.083
      }
    },
    {
      "start_frame": 2610,
      "end_frame": 2670,
      "start_frame_sample": 87,
      "end_frame_sample": 89,
      "score": 125.7844262924358,
      "representative_frame": {
        "index": 2610,
        "sample_index": 87,