{
  "video": "/data5/zgw/video_datasets/Video-MME/videos/IaTaaNinolU.mp4",
  "video_name": "IaTaaNinolU",
  "fps": 29.97002997002997,
  "sample_rate": 1.0,
  "frame_count": 14318,
  "duration": 477.74393333333336,
  "width": 1280,
  "height": 720,
  "sampled_frame_indices": [
    0,
    30,
    60,
    90,
    120,
    150,
    180,
    210,
    240,
    270,
    300,
    330,
    360,
    390,
    420,
    450,
    480,
    510,
    540,
    570,
    600,
    630,
    660,
    690,
    720,
    750,
    780,
    810,
    840,
    870,
    900,
    930,
    960,
    990,
    1020,
    1050,
    1080,
    1110,
    1140,
    1170,
    1200,
    1230,
    1260,
    1290,
    1320,
    1350,
    1380,
    1410,
    1440,
    1470,
    1500,
    1530,
    1560,
    1590,
    1620,
    1650,
    1680,
    1710,
    1740,
    1770,
    1800,
    1830,
    1860,
    1890,
    1920,
    1950,
    1980,
    2010,
    2040,
    2070,
    2100,
    2130,
    2160,
    2190,
    2220,
    2250,
    2280,
    2310,
    2340,
    2370,
    2400,
    2430,
    2460,
    2490,
    2520,
    2550,
    2580,
    2610,
    2640,
    2670,
    2700,
    2730,
    2760,
    2790,
    2820,
    2850,
    2880,
    2910,
    2940,
    2970,
    3000,
    3030,
    3060,
    3090,
    3120,
    3150,
    3180,
    3210,
    3240,
    3270,
    3300,
    3330,
    3360,
    3390,
    3420,
    3450,
    3480,
    3510,
    3540,
    3570,
    3600,
    3630,
    3660,
    3690,
    3720,
    3750,
    3780,
    3810,
    3840,
    3870,
    3900,
    3930,
    3960,
    3990,
    4020,
    4050,
    4080,
    4110,
    4140,
    4170,
    4200,
    4230,
    4260,
    4290,
    4320,
    4350,
    4380,
    4410,
    4440,
    4470,
    4500,
    4530,
    4560,
    4590,
    4620,
    4650,
    4680,
    4710,
    4740,
    4770,
    4800,
    4830,
    4860,
    4890,
    4920,
    4950,
    4980,
    5010,
    5040,
    5070,
    5100,
    5130,
    5160,
    5190,
    5220,
    5250,
    5280,
    5310,
    5340,
    5370,
    5400,
    5430,
    5460,
    5490,
    5520,
    5550,
    5580,
    5610,
    5640,
    5670,
    5700,
    5730,
    5760,
    5790,
    5820,
    5850,
    5880,
    5910,
    5940,
    5970,
    6000,
    6030,
    6060,
    6090,
    6120,
    6150,
    6180,
    6210,
    6240,
    6270,
    6300,
    6330,
    6360,
    6390,
    6420,
    6450,
    6480,
    6510,
    6540,
    6570,
    6600,
    6630,
    6660,
    6690,
    6720,
    6750,
    6780,
    6810,
    6840,
    6870,
    6900,
    6930,
    6960,
    6990,
    7020,
    7050,
    7080,
    7110,
    7140,
    7170,
    7200,
    7230,
    7260,
    7290,
    7320,
    7350,
    7380,
    7410,
    7440,
    7470,
    7500,
    7530,
    7560,
    7590,
    7620,
    7650,
    7680,
    7710,
    7740,
    7770,
    7800,
    7830,
    7860,
    7890,
    7920,
    7950,
    7980,
    8010,
    8040,
    8070,
    8100,
    8130,
    8160,
    8190,
    8220,
    8250,
    8280,
    8310,
    8340,
    8370,
    8400,
    8430,
    8460,
    8490,
    8520,
    8550,
    8580,
    8610,
    8640,
    8670,
    8700,
    8730,
    8760,
    8790,
    8820,
    8850,
    8880,
    8910,
    8940,
    8970,
    9000,
    9030,
    9060,
    9090,
    9120,
    9150,
    9180,
    9210,
    9240,
    9270,
    9300,
    9330,
    9360,
    9390,
    9420,
    9450,
    9480,
    9510,
    9540,
    9570,
    9600,
    9630,
    9660,
    9690,
    9720,
    9750,
    9780,
    9810,
    9840,
    9870,
    9900,
    9930,
    9960,
    9990,
    10020,
    10050,
    10080,
    10110,
    10140,
    10170,
    10200,
    10230,
    10260,
    10290,
    10320,
    10350,
    10380,
    10410,
    10440,
    10470,
    10500,
    10530,
    10560,
    10590,
    10620,
    10650,
    10680,
    10710,
    10740,
    10770,
    10800,
    10830,
    10860,
    10890,
    10920,
    10950,
    10980,
    11010,
    11040,
    11070,
    11100,
    11130,
    11160,
    11190,
    11220,
    11250,
    11280,
    11310,
    11340,
    11370,
    11400,
    11430,
    11460,
    11490,
    11520,
    11550,
    11580,
    11610,
    11640,
    11670,
    11700,
    11730,
    11760,
    11790,
    11820,
    11850,
    11880,
    11910,
    11940,
    11970,
    12000,
    12030,
    12060,
    12090,
    12120,
    12150,
    12180,
    12210,
    12240,
    12270,
    12300,
    12330,
    12360,
    12390,
    12420,
    12450,
    12480,
    12510,
    12540,
    12570,
    12600,
    12630,
    12660,
    12690,
    12720,
    12750,
    12780,
    12810,
    12840,
    12870,
    12900,
    12930,
    12960,
    12990,
    13020,
    13050,
    13080,
    13110,
    13140,
    13170,
    13200,
    13230,
    13260,
    13290,
    13320,
    13350,
    13380,
    13410,
    13440,
    13470,
    13500,
    13530,
    13560,
    13590,
    13620,
    13650,
    13680,
    13710,
    13740,
    13770,
    13800,
    13830,
    13860,
    13890,
    13920,
    13950,
    13980,
    14010,
    14040,
    14070,
    14100,
    14130,
    14160,
    14190,
    14220,
    14250,
    14280,
    14310
  ],
  "shots": [
    {
      "start_frame": 0,
      "end_frame": 1170,
      "start_frame_sample": 0,
      "end_frame_sample": 39,
      "score": 90.39952017963198,
      "representative_frame": {
        "index": 0,
        "sample_index": 0,
        "timestamp": 0.0
      }
    },
    {
      "start_frame": 1200,
      "end_frame": 1440,
      "start_frame_sample": 40,
      "end_frame_sample": 48,
      "score": 1770.5592454400369,
      "representative_frame": {
        "index": 1200,
        "sample_index": 40,
        "timestamp": 40.04
      }
    },
    {
      "start_frame": 1470,
      "end_frame": 2010,
      "start_frame_sample": 49,
      "end_frame_sample": 67,
      "score": 233.52501469200413,
      "representative_frame": {
        "index": 1470,
        "sample_index": 49,
        "timestamp": 49.049
      }
    },
    {
      "start_frame": 2040,
      "end_frame": 2040,
      "start_frame_sample": 68,
      "end_frame_sample": 68,
      "score": 52.85922300769124,
      "representative_frame": {
        "index": 2040,
        "sample_index": 68,
        "timestamp": 68.068
      }
    },
    {
      "start_frame": 2070,
      "end_frame": 2460,
      "start_frame_sample": 69,
      "end_frame_sample": 82,
      "score": 34.075678089458926,
      "representative_frame": {
        "index": 2070,
        "sample_index": 69,
        "timestamp": 69.069
      }
    },
    {
      "start_frame": 2490,
      "end_frame": 2670,
      "start_frame_sample": 83,
      "end_frame_sample": 89,
      "score": 2756.437842408617,
      "representative_frame": {
        "index": 2490,
        "sample_index": 83,
        "timestamp": 83.083
      }
    },
    {
      "start_frame": 2700,
      "end_frame": 2850,
      "start_frame_sample": 90,
      "end_frame_sample": 95,
      "score": 77.73571578501786,
      "representative_frame": {
        "index": 2700,
        "sample_index": 90,
        "timestamp": 90.09
      }
    },
    {
      "start_frame": 2880,
      "end_frame": 4020,
      "start_frame_sample": 96,
      "end_frame_sample": 134,
      "score": 37.47756962658901,
      "representative_frame": {
        "index": 2880,
        "sample_index": 96,
        "timestamp": 96.096
      }
    },
    {
      "start_frame": 4050,
      "end_frame": 6120,
      "start_frame_sample": 135,
      "end_frame_sample": 204,
      "score": 1146.8658061495325,
      "representative_frame": {
        "index": 4050,
        "sample_index": 135,
        "timestamp": 135.135
      }
    },
    {
      "start_frame": 6150,
      "end_frame": 6870,
      "start_frame_sample": 205,
      "end_frame_sample": 229,
      "score": 1044.4662644463685,
      "representative_frame": {
        "index": 6150,
        "sample_index": 205,