{
  "video": "/data5/zgw/video_datasets/Video-MME/videos/GFTKKyYSCKs.mp4",
  "video_name": "GFTKKyYSCKs",
  "fps": 23.976023976023978,
  "sample_rate": 1.0,
  "frame_count": 7060,
  "duration": 294.4608333333333,
  "width": 1280,
  "height": 720,
  "sampled_frame_indices": [
    0,
    24,
    48,
    72,
    96,
    120,
    144,
    168,
    192,
    216,
    240,
    264,
    288,
    312,
    336,
    360,
    384,
    408,
    432,
    456,
    480,
    504,
    528,
    552,
    576,
    600,
    624,
    648,
    672,
    696,
    720,
    744,
    768,
    792,
    816,
    840,
    864,
    888,
    912,
    936,
    960,
    984,
    1008,
    1032,
    1056,
    1080,
    1104,
    1128,
    1152,
    1176,
    1200,
    1224,
    1248,
    1272,
    1296,
    1320,
    1344,
    1368,
    1392,
    1416,
    1440,
    1464,
    1488,
    1512,
    1536,
    1560,
    1584,
    1608,
    1632,
    1656,
    1680,
    1704,
    1728,
    1752,
    1776,
    1800,
    1824,
    1848,
    1872,
    1896,
    1920,
    1944,
    1968,
    1992,
    2016,
    2040,
    2064,
    2088,
    2112,
    2136,
    2160,
    2184,
    2208,
    2232,
    2256,
    2280,
    2304,
    2328,
    2352,
    2376,
    2400,
    2424,
    2448,
    2472,
    2496,
    2520,
    2544,
    2568,
    2592,
    2616,
    2640,
    2664,
    2688,
    2712,
    2736,
    2760,
    2784,
    2808,
    2832,
    2856,
    2880,
    2904,
    2928,
    2952,
    2976,
    3000,
    3024,
    3048,
    3072,
    3096,
    3120,
    3144,
    3168,
    3192,
    3216,
    3240,
    3264,
    3288,
    3312,
    3336,
    3360,
    3384,
    3408,
    3432,
    3456,
    3480,
    3504,
    3528,
    3552,
    3576,
    3600,
    3624,
    3648,
    3672,
    3696,
    3720,
    3744,
    3768,
    3792,
    3816,
    3840,
    3864,
    3888,
    3912,
    3936,
    3960,
    3984,
    4008,
    4032,
    4056,
    4080,
    4104,
    4128,
    4152,
    4176,
    4200,
    4224,
    4248,
    4272,
    4296,
    4320,
    4344,
    4368,
    4392,
    4416,
    4440,
    4464,
    4488,
    4512,
    4536,
    4560,
    4584,
    4608,
    4632,
    4656,
    4680,
    4704,
    4728,
    4752,
    4776,
    4800,
    4824,
    4848,
    4872,
    4896,
    4920,
    4944,
    4968,
    4992,
    5016,
    5040,
    5064,
    5088,
    5112,
    5136,
    5160,
    5184,
    5208,
    5232,
    5256,
    5280,
    5304,
    5328,
    5352,
    5376,
    5400,
    5424,
    5448,
    5472,
    5496,
    5520,
    5544,
    5568,
    5592,
    5616,
    5640,
    5664,
    5688,
    5712,
    5736,
    5760,
    5784,
    5808,
    5832,
    5856,
    5880,
    5904,
    5928,
    5952,
    5976,
    6000,
    6024,
    6048,
    6072,
    6096,
    6120,
    6144,
    6168,
    6192,
    6216,
    6240,
    6264,
    6288,
    6312,
    6336,
    6360,
    6384,
    6408,
    6432,
    6456,
    6480,
    6504,
    6528,
    6552,
    6576,
    6600,
    6624,
    6648,
    6672,
    6696,
    6720,
    6744,
    6768,
    6792,
    6816,
    6840,
    6864,
    6888,
    6912,
    6936,
    6960,
    6984,
    7008,
    7032,
    7056
  ],
  "shots": [
    {
      "start_frame": 0,
      "end_frame": 168,
      "start_frame_sample": 0,
      "end_frame_sample": 7,
      "score": 77.3443498917625,
      "representative_frame": {
        "index": 0,
        "sample_index": 0,
        "timestamp": 0.0
      }
    },
    {
      "start_frame": 192,
      "end_frame": 360,
      "start_frame_sample": 8,
      "end_frame_sample": 15,
      "score": 38.78030742351546,
      "representative_frame": {
        "index": 192,
        "sample_index": 8,
        "timestamp": 8.008
      }
    },
    {
      "start_frame": 384,
      "end_frame": 384,
      "start_frame_sample": 16,
      "end_frame_sample": 16,
      "score": 91.23531908245755,
      "representative_frame": {
        "index": 384,
        "sample_index": 16,
        "timestamp": 16.016
      }
    },
    {
      "start_frame": 408,
      "end_frame": 408,
      "start_frame_sample": 17,
      "end_frame_sample": 17,
      "score": 129.8180196061067,
      "representative_frame": {
        "index": 408,
        "sample_index": 17,
        "timestamp": 17.017
      }
    },
    {
      "start_frame": 432,
      "end_frame": 432,
      "start_frame_sample": 18,
      "end_frame_sample": 18,
      "score": 136.10440777380867,
      "representative_frame": {
        "index": 432,
        "sample_index": 18,
        "timestamp": 18.017999999999997
      }
    },
    {
      "start_frame": 456,
      "end_frame": 456,
      "start_frame_sample": 19,
      "end_frame_sample": 19,
      "score": 213.09305088738242,
      "representative_frame": {
        "index": 456,
        "sample_index": 19,
        "timestamp": 19.019
      }
    },
    {
      "start_frame": 480,
      "end_frame": 480,
      "start_frame_sample": 20,
      "end_frame_sample": 20,
      "score": 515.1167271302553,
      "representative_frame": {
        "index": 480,
        "sample_index": 20,
        "timestamp": 20.02
      }
    },
    {
      "start_frame": 504,
      "end_frame": 720,
      "start_frame_sample": 21,
      "end_frame_sample": 30,
      "score": 318.54744815500874,
      "representative_frame": {
        "index": 504,
        "sample_index": 21,
        "timestamp": 21.020999999999997
      }
    },
    {
      "start_frame": 744,
      "end_frame": 768,
      "start_frame_sample": 31,
      "end_frame_sample": 32,
      "score": 53.985737146501755,
      "representative_frame": {
        "index": 744,
        "sample_index": 31,
        "timestamp": 31.031
      }
    },
    {
      "start_frame": 792,
      "end_frame": 792,
      "start_frame_sample": 33,
      "end_frame_sample": 33,
      "score": 1000.3861310254026,
      "representative_frame": {
        "index": 792,
        "sample_index": 33,
        "timestamp": 33.032999999999994
      }
    },
    {
      "start_frame": 816,
      "end_frame": 888,
      "start_frame_sample": 34,
      "end_frame_sample": 37,
      "score": 186.30406594495133,
      "representative_frame": {
        "index": 816,
        "sample_index": 34,
        "timestamp": 34.034
      }
    },
    {
      "start_frame": 912,
      "end_frame": 1008,
      "start_frame_sample": 38,
      "end_frame_sample": 42,
      "score": 54.63026315746832,
      "representative_frame": {
        "index": 912,
        "sample_index": 38,
        "timestamp": 38.038
      }
    },
    {
      "start_frame": 1032,
      "end_frame": 1056,
      "start_frame_sample": 43,
      "end_frame_sample": 44,
      "score": 130.92943992947932,
      "representative_frame": {
        "index": 1032,
        "sample_index": 43,
        "timestamp": 43.043
      }
    },
    {
      "start_frame": 1080,
      "end_frame": 1104,
      "start_frame_sample": 45,
      "end_frame_sample": 46,
      "score": 35.14144258945664,
      "representative_frame": {
        "index": 1080,
        "sample_index": 45,
        "timestamp": 45.044999999999995
      }
    },
    {
      "start_frame": 1128,
      "end_frame": 1200,
      "start_frame_sample": 47,
      "end_frame_sample": 50,
      "score": 222.9516049944657,
      "representative_frame": {
        "index": 1128,
        "sample_index": 47,
        "timestamp": 47.047
      }
    },
    {
      "start_frame": 1224,
      "end_frame": 1272,
      "start_frame_sample": 51,
      "end_frame_sample": 53,
      "score": 90.94136274721598,
      "representative_frame": {
        "index": 1224,
        "sample_index": 51,
        "timestamp": 51.050999999999995
      }
    },
    {
      "start_frame": 1296,
      "end_frame": 1536,
      "start_frame_sample": 54,
      "end_frame_sample": 64,
      "score": 103.85253043143575,
      "representative_frame": {
        "index": 1296,
        "sample_index": 54,