{
  "video": "/data5/zgw/video_datasets/Video-MME/videos/4V6G0qYVoBg.mp4",
  "video_name": "4V6G0qYVoBg",
  "fps": 30.0,
  "sample_rate": 1.0,
  "frame_count": 3600,
  "duration": 120.0,
  "width": 640,
  "height": 360,
  "sampled_frame_indices": [
    0,
    30,
    60,
    90,
    120,
    150,
    180,
    210,
    240,
    270,
    300,
    330,
    360,
    390,
    420,
    450,
    480,
    510,
    540,
    570,
    600,
    630,
    660,
    690,
    720,
    750,
    780,
    810,
    840,
    870,
    900,
    930,
    960,
    990,
    1020,
    1050,
    1080,
    1110,
    1140,
    1170,
    1200,
    1230,
    1260,
    1290,
    1320,
    1350,
    1380,
    1410,
    1440,
    1470,
    1500,
    1530,
    1560,
    1590,
    1620,
    1650,
    1680,
    1710,
    1740,
    1770,
    1800,
    1830,
    1860,
    1890,
    1920,
    1950,
    1980,
    2010,
    2040,
    2070,
    2100,
    2130,
    2160,
    2190,
    2220,
    2250,
    2280,
    2310,
    2340,
    2370,
    2400,
    2430,
    2460,
    2490,
    2520,
    2550,
    2580,
    2610,
    2640,
    2670,
    2700,
    2730,
    2760,
    2790,
    2820,
    2850,
    2880,
    2910,
    2940,
    2970,
    3000,
    3030,
    3060,
    3090,
    3120,
    3150,
    3180,
    3210,
    3240,
    3270,
    3300,
    3330,
    3360,
    3390,
    3420,
    3450,
    3480,
    3510,
    3540,
    3570
  ],
  "shots": [
    {
      "start_frame": 0,
      "end_frame": 2160,
      "start_frame_sample": 0,
      "end_frame_sample": 72,
      "score": 35.1715930891844,
      "representative_frame": {
        "index": 0,
        "sample_index": 0,
        "timestamp": 0.0
      }
    },
    {
      "start_frame": 2190,
      "end_frame": 3360,
      "start_frame_sample": 73,
      "end_frame_sample": 112,
      "score": 2721.5807583813994,
      "representative_frame": {
        "index": 2190,
        "sample_index": 73,
        "timestamp": 73.0
      }
    },
    {
      "start_frame": 3390,
      "end_frame": 3570,
      "start_frame_sample": 113,
      "end_frame_sample": 119,
      "score": 0.0,
      "representative_frame": {
        "index": 3390,
        "sample_index": 113,
        "timestamp": 113.0
      }
    }
  ]
}