{
  "video": "/data5/zgw/video_datasets/Video-MME/videos/8-aI8Fp2bPU.mp4",
  "video_name": "8-aI8Fp2bPU",
  "fps": 29.97002997002997,
  "sample_rate": 1.0,
  "frame_count": 7840,
  "duration": 261.5946666666667,
  "width": 1280,
  "height": 720,
  "sampled_frame_indices": [
    0,
    30,
    60,
    90,
    120,
    150,
    180,
    210,
    240,
    270,
    300,
    330,
    360,
    390,
    420,
    450,
    480,
    510,
    540,
    570,
    600,
    630,
    660,
    690,
    720,
    750,
    780,
    810,
    840,
    870,
    900,
    930,
    960,
    990,
    1020,
    1050,
    1080,
    1110,
    1140,
    1170,
    1200,
    1230,
    1260,
    1290,
    1320,
    1350,
    1380,
    1410,
    1440,
    1470,
    1500,
    1530,
    1560,
    1590,
    1620,
    1650,
    1680,
    1710,
    1740,
    1770,
    1800,
    1830,
    1860,
    1890,
    1920,
    1950,
    1980,
    2010,
    2040,
    2070,
    2100,
    2130,
    2160,
    2190,
    2220,
    2250,
    2280,
    2310,
    2340,
    2370,
    2400,
    2430,
    2460,
    2490,
    2520,
    2550,
    2580,
    2610,
    2640,
    2670,
    2700,
    2730,
    2760,
    2790,
    2820,
    2850,
    2880,
    2910,
    2940,
    2970,
    3000,
    3030,
    3060,
    3090,
    3120,
    3150,
    3180,
    3210,
    3240,
    3270,
    3300,
    3330,
    3360,
    3390,
    3420,
    3450,
    3480,
    3510,
    3540,
    3570,
    3600,
    3630,
    3660,
    3690,
    3720,
    3750,
    3780,
    3810,
    3840,
    3870,
    3900,
    3930,
    3960,
    3990,
    4020,
    4050,
    4080,
    4110,
    4140,
    4170,
    4200,
    4230,
    4260,
    4290,
    4320,
    4350,
    4380,
    4410,
    4440,
    4470,
    4500,
    4530,
    4560,
    4590,
    4620,
    4650,
    4680,
    4710,
    4740,
    4770,
    4800,
    4830,
    4860,
    4890,
    4920,
    4950,
    4980,
    5010,
    5040,
    5070,
    5100,
    5130,
    5160,
    5190,
    5220,
    5250,
    5280,
    5310,
    5340,
    5370,
    5400,
    5430,
    5460,
    5490,
    5520,
    5550,
    5580,
    5610,
    5640,
    5670,
    5700,
    5730,
    5760,
    5790,
    5820,
    5850,
    5880,
    5910,
    5940,
    5970,
    6000,
    6030,
    6060,
    6090,
    6120,
    6150,
    6180,
    6210,
    6240,
    6270,
    6300,
    6330,
    6360,
    6390,
    6420,
    6450,
    6480,
    6510,
    6540,
    6570,
    6600,
    6630,
    6660,
    6690,
    6720,
    6750,
    6780,
    6810,
    6840,
    6870,
    6900,
    6930,
    6960,
    6990,
    7020,
    7050,
    7080,
    7110,
    7140,
    7170,
    7200,
    7230,
    7260,
    7290,
    7320,
    7350,
    7380,
    7410,
    7440,
    7470,
    7500,
    7530,
    7560,
    7590,
    7620,
    7650,
    7680,
    7710,
    7740,
    7770,
    7800,
    7830
  ],
  "shots": [
    {
      "start_frame": 0,
      "end_frame": 30,
      "start_frame_sample": 0,
      "end_frame_sample": 1,
      "score": 369.81015356168416,
      "representative_frame": {
        "index": 0,
        "sample_index": 0,
        "timestamp": 0.0
      }
    },
    {
      "start_frame": 60,
      "end_frame": 60,
      "start_frame_sample": 2,
      "end_frame_sample": 2,
      "score": 32.61509801030731,
      "representative_frame": {
        "index": 60,
        "sample_index": 2,
        "timestamp": 2.0020000000000002
      }
    },
    {
      "start_frame": 90,
      "end_frame": 90,
      "start_frame_sample": 3,
      "end_frame_sample": 3,
      "score": 72.39460737579151,
      "representative_frame": {
        "index": 90,
        "sample_index": 3,
        "timestamp": 3.003
      }
    },
    {
      "start_frame": 120,
      "end_frame": 150,
      "start_frame_sample": 4,
      "end_frame_sample": 5,
      "score": 39.12124357329192,
      "representative_frame": {
        "index": 120,
        "sample_index": 4,
        "timestamp": 4.0040000000000004
      }
    },
    {
      "start_frame": 180,
      "end_frame": 180,
      "start_frame_sample": 6,
      "end_frame_sample": 6,
      "score": 85.1308615364651,
      "representative_frame": {
        "index": 180,
        "sample_index": 6,
        "timestamp": 6.006
      }
    },
    {
      "start_frame": 210,
      "end_frame": 210,
      "start_frame_sample": 7,
      "end_frame_sample": 7,
      "score": 35.87292148797446,
      "representative_frame": {
        "index": 210,
        "sample_index": 7,
        "timestamp": 7.007000000000001
      }
    },
    {
      "start_frame": 240,
      "end_frame": 240,
      "start_frame_sample": 8,
      "end_frame_sample": 8,
      "score": 50.78376188936842,
      "representative_frame": {
        "index": 240,
        "sample_index": 8,
        "timestamp": 8.008000000000001
      }
    },
    {
      "start_frame": 270,
      "end_frame": 480,
      "start_frame_sample": 9,
      "end_frame_sample": 16,
      "score": 55.78798229745536,
      "representative_frame": {
        "index": 270,
        "sample_index": 9,
        "timestamp": 9.009
      }
    },
    {
      "start_frame": 510,
      "end_frame": 510,
      "start_frame_sample": 17,
      "end_frame_sample": 17,
      "score": 1338.4726028608966,
      "representative_frame": {
        "index": 510,
        "sample_index": 17,
        "timestamp": 17.017
      }
    },
    {
      "start_frame": 540,
      "end_frame": 1170,
      "start_frame_sample": 18,
      "end_frame_sample": 39,
      "score": 1642.2980564473694,
      "representative_frame": {
        "index": 540,
        "sample_index": 18,
        "timestamp": 18.018
      }
    },
    {
      "start_frame": 1200,
      "end_frame": 1200,
      "start_frame_sample": 40,
      "end_frame_sample": 40,
      "score": 31.173451258746095,
      "representative_frame": {
        "index": 1200,
        "sample_index": 40,
        "timestamp": 40.04
      }
    },
    {
      "start_frame": 1230,
      "end_frame": 1710,
      "start_frame_sample": 41,
      "end_frame_sample": 57,
      "score": 831.9813014086071,
      "representative_frame": {
        "index": 1230,
        "sample_index": 41,
        "timestamp": 41.041000000000004
      }
    },
    {
      "start_frame": 1740,
      "end_frame": 2160,
      "start_frame_sample": 58,
      "end_frame_sample": 72,
      "score": 92.8235922940414,
      "representative_frame": {
        "index": 1740,
        "sample_index": 58,
        "timestamp": 58.058
      }
    },
    {
      "start_frame": 2190,
      "end_frame": 2430,
      "start_frame_sample": 73,
      "end_frame_sample": 81,
      "score": 543.2045074819974,
      "representative_frame": {
        "index": 2190,
        "sample_index": 73,
        "timestamp": 73.07300000000001
      }
    },
    {
      "start_frame": 2460,
      "end_frame": 3060,
      "start_frame_sample": 82,
      "end_frame_sample": 102,
      "score": 60.43366651157672,
      "representative_frame": {
        "index": 2460,
        "sample_index": 82,
        "timestamp": 82.08200000000001
      }
    },
    {
      "start_frame": 3090,
      "end_frame": 3690,
      "start_frame_sample": 103,
      "end_frame_sample": 123,
      "score": 683.3805576392067,
      "representative_frame": {
        "index": 3090,
        "sample_index": 103,
        "timestamp": 103.10300000000001
      }
    },
    {
      "start_frame": 3720,
      "end_frame": 3960,
      "start_frame_sample": 124,
      "end_frame_sample": 132,
      "score": 88.67992174329666,
      "representative_frame": {
        "index": 3720,
        "sample_index": 124,
        "timestamp": 124.124
      }
    },
    {
      "start_frame": 3990,
      "end_frame": 4230,
      "start_frame_sample": 133,
      "end_frame_sample": 141,
      "score": 986.7461436672854,
      "representative_frame": {
        "index": 3990,
        "sample_index": 133,
        "timestamp": 133.133
      }
    },
    {
      "start_frame": 4260,