{
  "video": "/data5/zgw/video_datasets/Video-MME/videos/JxkJ-FwFeVI.mp4",
  "video_name": "JxkJ-FwFeVI",
  "fps": 25.0,
  "sample_rate": 1.0,
  "frame_count": 3076,
  "duration": 123.04,
  "width": 1280,
  "height": 720,
  "sampled_frame_indices": [
    0,
    25,
    50,
    75,
    100,
    125,
    150,
    175,
    200,
    225,
    250,
    275,
    300,
    325,
    350,
    375,
    400,
    425,
    450,
    475,
    500,
    525,
    550,
    575,
    600,
    625,
    650,
    675,
    700,
    725,
    750,
    775,
    800,
    825,
    850,
    875,
    900,
    925,
    950,
    975,
    1000,
    1025,
    1050,
    1075,
    1100,
    1125,
    1150,
    1175,
    1200,
    1225,
    1250,
    1275,
    1300,
    1325,
    1350,
    1375,
    1400,
    1425,
    1450,
    1475,
    1500,
    1525,
    1550,
    1575,
    1600,
    1625,
    1650,
    1675,
    1700,
    1725,
    1750,
    1775,
    1800,
    1825,
    1850,
    1875,
    1900,
    1925,
    1950,
    1975,
    2000,
    2025,
    2050,
    2075,
    2100,
    2125,
    2150,
    2175,
    2200,
    2225,
    2250,
    2275,
    2300,
    2325,
    2350,
    2375,
    2400,
    2425,
    2450,
    2475,
    2500,
    2525,
    2550,
    2575,
    2600,
    2625,
    2650,
    2675,
    2700,
    2725,
    2750,
    2775,
    2800,
    2825,
    2850,
    2875,
    2900,
    2925,
    2950,
    2975,
    3000,
    3025,
    3050,
    3075
  ],
  "shots": [
    {
      "start_frame": 0,
      "end_frame": 75,
      "start_frame_sample": 0,
      "end_frame_sample": 3,
      "score": 484.4806840312606,
      "representative_frame": {
        "index": 0,
        "sample_index": 0,
        "timestamp": 0.0
      }
    },
    {
      "start_frame": 100,
      "end_frame": 125,
      "start_frame_sample": 4,
      "end_frame_sample": 5,
      "score": 43.63659231355517,
      "representative_frame": {
        "index": 100,
        "sample_index": 4,
        "timestamp": 4.0
      }
    },
    {
      "start_frame": 150,
      "end_frame": 150,
      "start_frame_sample": 6,
      "end_frame_sample": 6,
      "score": 142.69425513421984,
      "representative_frame": {
        "index": 150,
        "sample_index": 6,
        "timestamp": 6.0
      }
    },
    {
      "start_frame": 175,
      "end_frame": 225,
      "start_frame_sample": 7,
      "end_frame_sample": 9,
      "score": 1065.1665822912723,
      "representative_frame": {
        "index": 175,
        "sample_index": 7,
        "timestamp": 7.0
      }
    },
    {
      "start_frame": 250,
      "end_frame": 275,
      "start_frame_sample": 10,
      "end_frame_sample": 11,
      "score": 537.3836665210417,
      "representative_frame": {
        "index": 250,
        "sample_index": 10,
        "timestamp": 10.0
      }
    },
    {
      "start_frame": 300,
      "end_frame": 325,
      "start_frame_sample": 12,
      "end_frame_sample": 13,
      "score": 463.7484555935257,
      "representative_frame": {
        "index": 300,
        "sample_index": 12,
        "timestamp": 12.0
      }
    },
    {
      "start_frame": 350,
      "end_frame": 400,
      "start_frame_sample": 14,
      "end_frame_sample": 16,
      "score": 317.8424708072754,
      "representative_frame": {
        "index": 350,
        "sample_index": 14,
        "timestamp": 14.0
      }
    },
    {
      "start_frame": 425,
      "end_frame": 425,
      "start_frame_sample": 17,
      "end_frame_sample": 17,
      "score": 130.81149915189744,
      "representative_frame": {
        "index": 425,
        "sample_index": 17,
        "timestamp": 17.0
      }
    },
    {
      "start_frame": 450,
      "end_frame": 450,
      "start_frame_sample": 18,
      "end_frame_sample": 18,
      "score": 53.81147659491921,
      "representative_frame": {
        "index": 450,
        "sample_index": 18,
        "timestamp": 18.0
      }
    },
    {
      "start_frame": 475,
      "end_frame": 500,
      "start_frame_sample": 19,
      "end_frame_sample": 20,
      "score": 2907.6399441307426,
      "representative_frame": {
        "index": 475,
        "sample_index": 19,
        "timestamp": 19.0
      }
    },
    {
      "start_frame": 525,
      "end_frame": 525,
      "start_frame_sample": 21,
      "end_frame_sample": 21,
      "score": 356.64008398695796,
      "representative_frame": {
        "index": 525,
        "sample_index": 21,
        "timestamp": 21.0
      }
    },
    {
      "start_frame": 550,
      "end_frame": 600,
      "start_frame_sample": 22,
      "end_frame_sample": 24,
      "score": 322.65669816660886,
      "representative_frame": {
        "index": 550,
        "sample_index": 22,
        "timestamp": 22.0
      }
    },
    {
      "start_frame": 625,
      "end_frame": 675,
      "start_frame_sample": 25,
      "end_frame_sample": 27,
      "score": 56452.313145576445,
      "representative_frame": {
        "index": 625,
        "sample_index": 25,
        "timestamp": 25.0
      }
    },
    {
      "start_frame": 700,
      "end_frame": 725,
      "start_frame_sample": 28,
      "end_frame_sample": 29,
      "score": 38.8100434894718,
      "representative_frame": {
        "index": 700,
        "sample_index": 28,
        "timestamp": 28.0
      }
    },
    {
      "start_frame": 750,
      "end_frame": 750,
      "start_frame_sample": 30,
      "end_frame_sample": 30,
      "score": 193.7120666341633,
      "representative_frame": {
        "index": 750,
        "sample_index": 30,
        "timestamp": 30.0
      }
    },
    {
      "start_frame": 775,
      "end_frame": 775,
      "start_frame_sample": 31,
      "end_frame_sample": 31,
      "score": 74.90796503009662,
      "representative_frame": {
        "index": 775,
        "sample_index": 31,
        "timestamp": 31.0
      }
    },
    {
      "start_frame": 800,
      "end_frame": 825,
      "start_frame_sample": 32,
      "end_frame_sample": 33,
      "score": 767.225371375189,
      "representative_frame": {
        "index": 800,
        "sample_index": 32,
        "timestamp": 32.0
      }
    },
    {
      "start_frame": 850,
      "end_frame": 850,
      "start_frame_sample": 34,
      "end_frame_sample": 34,
      "score": 154.93023563886032,
      "representative_frame": {
        "index": 850,
        "sample_index": 34,
        "timestamp": 34.0
      }
    },
    {
      "start_frame": 875,
      "end_frame": 875,
      "start_frame_sample": 35,
      "end_frame_sample": 35,
      "score": 258.6539889262981,
      "representative_frame": {
        "index": 875,
        "sample_index": 35,
        "timestamp": 35.0
      }
    },
    {
      "start_frame": 900,
      "end_frame": 975,
      "start_frame_sample": 36,
      "end_frame_sample": 39,
      "score": 48.240237073084955,
      "representative_frame": {
        "index": 900,
        "sample_index": 36,
        "timestamp": 36.0
      }
    },
    {
      "start_frame": 1000,
      "end_frame": 1025,
      "start_frame_sample": 40,
      "end_frame_sample": 41,
      "score": 252.69388832667465,
      "representative_frame": {
        "index": 1000,
        "sample_index": 40,
        "timestamp": 40.0
      }
    },
    {
      "start_frame": 1050,
      "end_frame": 1050,
      "start_frame_sample": 42,
      "end_frame_sample": 42,
      "score": 53.01352986170906,
      "representative_frame": {
        "index": 1050,
        "sample_index": 42,
        "timestamp": 42.0
      }
    },
    {
      "start_frame": 1075,
      "end_frame": 1375,
      "start_frame_sample": 43,
      "end_frame_sample": 55,
      "score": 155.4062102595158,
      "representative_frame": {
        "index": 1075,
        "sample_index": 43,
        "timestamp": 43.0
      }
    },
    {
      "start_frame": 1400,
      "end_frame": 1525,
      "start_frame_sample": 56,
      "end_frame_sample": 61,
      "score": 198.83603213550623,
      "representative_frame": {
        "index": 1400,