{
  "video": "/data5/zgw/video_datasets/Video-MME/videos/8l1NyR6UvxU.mp4",
  "video_name": "8l1NyR6UvxU",
  "fps": 23.976023976023978,
  "sample_rate": 1.0,
  "frame_count": 7552,
  "duration": 314.98133333333334,
  "width": 1280,
  "height": 720,
  "sampled_frame_indices": [
    0,
    24,
    48,
    72,
    96,
    120,
    144,
    168,
    192,
    216,
    240,
    264,
    288,
    312,
    336,
    360,
    384,
    408,
    432,
    456,
    480,
    504,
    528,
    552,
    576,
    600,
    624,
    648,
    672,
    696,
    720,
    744,
    768,
    792,
    816,
    840,
    864,
    888,
    912,
    936,
    960,
    984,
    1008,
    1032,
    1056,
    1080,
    1104,
    1128,
    1152,
    1176,
    1200,
    1224,
    1248,
    1272,
    1296,
    1320,
    1344,
    1368,
    1392,
    1416,
    1440,
    1464,
    1488,
    1512,
    1536,
    1560,
    1584,
    1608,
    1632,
    1656,
    1680,
    1704,
    1728,
    1752,
    1776,
    1800,
    1824,
    1848,
    1872,
    1896,
    1920,
    1944,
    1968,
    1992,
    2016,
    2040,
    2064,
    2088,
    2112,
    2136,
    2160,
    2184,
    2208,
    2232,
    2256,
    2280,
    2304,
    2328,
    2352,
    2376,
    2400,
    2424,
    2448,
    2472,
    2496,
    2520,
    2544,
    2568,
    2592,
    2616,
    2640,
    2664,
    2688,
    2712,
    2736,
    2760,
    2784,
    2808,
    2832,
    2856,
    2880,
    2904,
    2928,
    2952,
    2976,
    3000,
    3024,
    3048,
    3072,
    3096,
    3120,
    3144,
    3168,
    3192,
    3216,
    3240,
    3264,
    3288,
    3312,
    3336,
    3360,
    3384,
    3408,
    3432,
    3456,
    3480,
    3504,
    3528,
    3552,
    3576,
    3600,
    3624,
    3648,
    3672,
    3696,
    3720,
    3744,
    3768,
    3792,
    3816,
    3840,
    3864,
    3888,
    3912,
    3936,
    3960,
    3984,
    4008,
    4032,
    4056,
    4080,
    4104,
    4128,
    4152,
    4176,
    4200,
    4224,
    4248,
    4272,
    4296,
    4320,
    4344,
    4368,
    4392,
    4416,
    4440,
    4464,
    4488,
    4512,
    4536,
    4560,
    4584,
    4608,
    4632,
    4656,
    4680,
    4704,
    4728,
    4752,
    4776,
    4800,
    4824,
    4848,
    4872,
    4896,
    4920,
    4944,
    4968,
    4992,
    5016,
    5040,
    5064,
    5088,
    5112,
    5136,
    5160,
    5184,
    5208,
    5232,
    5256,
    5280,
    5304,
    5328,
    5352,
    5376,
    5400,
    5424,
    5448,
    5472,
    5496,
    5520,
    5544,
    5568,
    5592,
    5616,
    5640,
    5664,
    5688,
    5712,
    5736,
    5760,
    5784,
    5808,
    5832,
    5856,
    5880,
    5904,
    5928,
    5952,
    5976,
    6000,
    6024,
    6048,
    6072,
    6096,
    6120,
    6144,
    6168,
    6192,
    6216,
    6240,
    6264,
    6288,
    6312,
    6336,
    6360,
    6384,
    6408,
    6432,
    6456,
    6480,
    6504,
    6528,
    6552,
    6576,
    6600,
    6624,
    6648,
    6672,
    6696,
    6720,
    6744,
    6768,
    6792,
    6816,
    6840,
    6864,
    6888,
    6912,
    6936,
    6960,
    6984,
    7008,
    7032,
    7056,
    7080,
    7104,
    7128,
    7152,
    7176,
    7200,
    7224,
    7248,
    7272,
    7296,
    7320,
    7344,
    7368,
    7392,
    7416,
    7440,
    7464,
    7488,
    7512,
    7536
  ],
  "shots": [
    {
      "start_frame": 0,
      "end_frame": 120,
      "start_frame_sample": 0,
      "end_frame_sample": 5,
      "score": 463.4285289841413,
      "representative_frame": {
        "index": 0,
        "sample_index": 0,
        "timestamp": 0.0
      }
    },
    {
      "start_frame": 144,
      "end_frame": 336,
      "start_frame_sample": 6,
      "end_frame_sample": 14,
      "score": 333.37402766518426,
      "representative_frame": {
        "index": 144,
        "sample_index": 6,
        "timestamp": 6.005999999999999
      }
    },
    {
      "start_frame": 360,
      "end_frame": 456,
      "start_frame_sample": 15,
      "end_frame_sample": 19,
      "score": 34.61836004223251,
      "representative_frame": {
        "index": 360,
        "sample_index": 15,
        "timestamp": 15.014999999999999
      }
    },
    {
      "start_frame": 480,
      "end_frame": 528,
      "start_frame_sample": 20,
      "end_frame_sample": 22,
      "score": 142.41951239826562,
      "representative_frame": {
        "index": 480,
        "sample_index": 20,
        "timestamp": 20.02
      }
    },
    {
      "start_frame": 552,
      "end_frame": 648,
      "start_frame_sample": 23,
      "end_frame_sample": 27,
      "score": 555.9421046862536,
      "representative_frame": {
        "index": 552,
        "sample_index": 23,
        "timestamp": 23.023
      }
    },
    {
      "start_frame": 672,
      "end_frame": 720,
      "start_frame_sample": 28,
      "end_frame_sample": 30,
      "score": 514.4254079550669,
      "representative_frame": {
        "index": 672,
        "sample_index": 28,
        "timestamp": 28.028
      }
    },
    {
      "start_frame": 744,
      "end_frame": 744,
      "start_frame_sample": 31,
      "end_frame_sample": 31,
      "score": 65.87711694142902,
      "representative_frame": {
        "index": 744,
        "sample_index": 31,
        "timestamp": 31.031
      }
    },
    {
      "start_frame": 768,
      "end_frame": 768,
      "start_frame_sample": 32,
      "end_frame_sample": 32,
      "score": 417.34336326772035,
      "representative_frame": {
        "index": 768,
        "sample_index": 32,
        "timestamp": 32.032
      }
    },
    {
      "start_frame": 792,
      "end_frame": 1080,
      "start_frame_sample": 33,
      "end_frame_sample": 45,
      "score": 77.92964103845208,
      "representative_frame": {
        "index": 792,
        "sample_index": 33,
        "timestamp": 33.032999999999994
      }
    },
    {
      "start_frame": 1104,
      "end_frame": 1344,
      "start_frame_sample": 46,
      "end_frame_sample": 56,
      "score": 75.37710984966503,
      "representative_frame": {
        "index": 1104,
        "sample_index": 46,
        "timestamp": 46.046
      }
    },
    {
      "start_frame": 1368,
      "end_frame": 1536,
      "start_frame_sample": 57,
      "end_frame_sample": 64,
      "score": 854.459019667387,
      "representative_frame": {
        "index": 1368,
        "sample_index": 57,
        "timestamp": 57.056999999999995
      }
    },
    {
      "start_frame": 1560,
      "end_frame": 2016,
      "start_frame_sample": 65,
      "end_frame_sample": 84,
      "score": 338.5977764268256,
      "representative_frame": {
        "index": 1560,
        "sample_index": 65,
        "timestamp": 65.065
      }
    },
    {
      "start_frame": 2040,
      "end_frame": 2136,
      "start_frame_sample": 85,
      "end_frame_sample": 89,
      "score": 33.39660501259452,
      "representative_frame": {
        "index": 2040,
        "sample_index": 85,
        "timestamp": 85.085
      }
    },
    {
      "start_frame": 2160,
      "end_frame": 2256,
      "start_frame_sample": 90,
      "end_frame_sample": 94,
      "score": 49.473861862113814,
      "representative_frame": {
        "index": 2160,
        "sample_index": 90,
        "timestamp": 90.08999999999999
      }
    },
    {
      "start_frame": 2280,
      "end_frame": 2400,
      "start_frame_sample": 95,
      "end_frame_sample": 100,
      "score": 196.7535043556179,
      "representative_frame": {
        "index": 2280,
        "sample_index": 95,
        "timestamp": 95.095
      }
    },
    {
      "start_frame": 2424,
      "end_frame": 2952,
      "start_frame_sample": 101,
      "end_frame_sample": 123,
      "score": 168.44170858763346,
      "representative_frame": {
        "index": 2424,
        "sample_index": 101,
        "timestamp": 101.101
      }
    },
    {
      "start_frame": 2976,
      "end_frame": 2976,
      "start_frame_sample": 124,