{
  "video": "/data5/zgw/video_datasets/Video-MME/videos/AIs3LoU4JUo.mp4",
  "video_name": "AIs3LoU4JUo",
  "fps": 29.97002997002997,
  "sample_rate": 1.0,
  "frame_count": 3560,
  "duration": 118.78533333333334,
  "width": 1280,
  "height": 720,
  "sampled_frame_indices": [
    0,
    30,
    60,
    90,
    120,
    150,
    180,
    210,
    240,
    270,
    300,
    330,
    360,
    390,
    420,
    450,
    480,
    510,
    540,
    570,
    600,
    630,
    660,
    690,
    720,
    750,
    780,
    810,
    840,
    870,
    900,
    930,
    960,
    990,
    1020,
    1050,
    1080,
    1110,
    1140,
    1170,
    1200,
    1230,
    1260,
    1290,
    1320,
    1350,
    1380,
    1410,
    1440,
    1470,
    1500,
    1530,
    1560,
    1590,
    1620,
    1650,
    1680,
    1710,
    1740,
    1770,
    1800,
    1830,
    1860,
    1890,
    1920,
    1950,
    1980,
    2010,
    2040,
    2070,
    2100,
    2130,
    2160,
    2190,
    2220,
    2250,
    2280,
    2310,
    2340,
    2370,
    2400,
    2430,
    2460,
    2490,
    2520,
    2550,
    2580,
    2610,
    2640,
    2670,
    2700,
    2730,
    2760,
    2790,
    2820,
    2850,
    2880,
    2910,
    2940,
    2970,
    3000,
    3030,
    3060,
    3090,
    3120,
    3150,
    3180,
    3210,
    3240,
    3270,
    3300,
    3330,
    3360,
    3390,
    3420,
    3450,
    3480,
    3510,
    3540
  ],
  "shots": [
    {
      "start_frame": 0,
      "end_frame": 120,
      "start_frame_sample": 0,
      "end_frame_sample": 4,
      "score": 44.51112290580198,
      "representative_frame": {
        "index": 0,
        "sample_index": 0,
        "timestamp": 0.0
      }
    },
    {
      "start_frame": 150,
      "end_frame": 270,
      "start_frame_sample": 5,
      "end_frame_sample": 9,
      "score": 57.179472980504684,
      "representative_frame": {
        "index": 150,
        "sample_index": 5,
        "timestamp": 5.005
      }
    },
    {
      "start_frame": 300,
      "end_frame": 330,
      "start_frame_sample": 10,
      "end_frame_sample": 11,
      "score": 74.88042400819022,
      "representative_frame": {
        "index": 300,
        "sample_index": 10,
        "timestamp": 10.01
      }
    },
    {
      "start_frame": 360,
      "end_frame": 420,
      "start_frame_sample": 12,
      "end_frame_sample": 14,
      "score": 328.61851884688303,
      "representative_frame": {
        "index": 360,
        "sample_index": 12,
        "timestamp": 12.012
      }
    },
    {
      "start_frame": 450,
      "end_frame": 450,
      "start_frame_sample": 15,
      "end_frame_sample": 15,
      "score": 92.6299827553388,
      "representative_frame": {
        "index": 450,
        "sample_index": 15,
        "timestamp": 15.015
      }
    },
    {
      "start_frame": 480,
      "end_frame": 540,
      "start_frame_sample": 16,
      "end_frame_sample": 18,
      "score": 251.81463748888387,
      "representative_frame": {
        "index": 480,
        "sample_index": 16,
        "timestamp": 16.016000000000002
      }
    },
    {
      "start_frame": 570,
      "end_frame": 2490,
      "start_frame_sample": 19,
      "end_frame_sample": 83,
      "score": 67.14934391818497,
      "representative_frame": {
        "index": 570,
        "sample_index": 19,
        "timestamp": 19.019000000000002
      }
    },
    {
      "start_frame": 2520,
      "end_frame": 2670,
      "start_frame_sample": 84,
      "end_frame_sample": 89,
      "score": 1443.007560099803,
      "representative_frame": {
        "index": 2520,
        "sample_index": 84,
        "timestamp": 84.084
      }
    },
    {
      "start_frame": 2700,
      "end_frame": 2760,
      "start_frame_sample": 90,
      "end_frame_sample": 92,
      "score": 160.701333132044,
      "representative_frame": {
        "index": 2700,
        "sample_index": 90,
        "timestamp": 90.09
      }
    },
    {
      "start_frame": 2790,
      "end_frame": 3240,
      "start_frame_sample": 93,
      "end_frame_sample": 108,
      "score": 113.61598610961339,
      "representative_frame": {
        "index": 2790,
        "sample_index": 93,
        "timestamp": 93.093
      }
    },
    {
      "start_frame": 3270,
      "end_frame": 3510,
      "start_frame_sample": 109,
      "end_frame_sample": 117,
      "score": 757.6577331789164,
      "representative_frame": {
        "index": 3270,
        "sample_index": 109,
        "timestamp": 109.10900000000001
      }
    },
    {
      "start_frame": 3540,
      "end_frame": 3540,
      "start_frame_sample": 118,
      "end_frame_sample": 118,
      "score": 0.0,
      "representative_frame": {
        "index": 3540,
        "sample_index": 118,
        "timestamp": 118.11800000000001
      }
    }
  ]
}