{
  "video": "/data5/zgw/video_datasets/Video-MME/videos/5kmnEgBSCfg.mp4",
  "video_name": "5kmnEgBSCfg",
  "fps": 29.97002997002997,
  "sample_rate": 1.0,
  "frame_count": 3529,
  "duration": 117.75096666666667,
  "width": 640,
  "height": 360,
  "sampled_frame_indices": [
    0,
    30,
    60,
    90,
    120,
    150,
    180,
    210,
    240,
    270,
    300,
    330,
    360,
    390,
    420,
    450,
    480,
    510,
    540,
    570,
    600,
    630,
    660,
    690,
    720,
    750,
    780,
    810,
    840,
    870,
    900,
    930,
    960,
    990,
    1020,
    1050,
    1080,
    1110,
    1140,
    1170,
    1200,
    1230,
    1260,
    1290,
    1320,
    1350,
    1380,
    1410,
    1440,
    1470,
    1500,
    1530,
    1560,
    1590,
    1620,
    1650,
    1680,
    1710,
    1740,
    1770,
    1800,
    1830,
    1860,
    1890,
    1920,
    1950,
    1980,
    2010,
    2040,
    2070,
    2100,
    2130,
    2160,
    2190,
    2220,
    2250,
    2280,
    2310,
    2340,
    2370,
    2400,
    2430,
    2460,
    2490,
    2520,
    2550,
    2580,
    2610,
    2640,
    2670,
    2700,
    2730,
    2760,
    2790,
    2820,
    2850,
    2880,
    2910,
    2940,
    2970,
    3000,
    3030,
    3060,
    3090,
    3120,
    3150,
    3180,
    3210,
    3240,
    3270,
    3300,
    3330,
    3360,
    3390,
    3420,
    3450,
    3480,
    3510
  ],
  "shots": [
    {
      "start_frame": 0,
      "end_frame": 60,
      "start_frame_sample": 0,
      "end_frame_sample": 2,
      "score": 74.033704722483,
      "representative_frame": {
        "index": 0,
        "sample_index": 0,
        "timestamp": 0.0
      }
    },
    {
      "start_frame": 90,
      "end_frame": 180,
      "start_frame_sample": 3,
      "end_frame_sample": 6,
      "score": 64.54601638671207,
      "representative_frame": {
        "index": 90,
        "sample_index": 3,
        "timestamp": 3.003
      }
    },
    {
      "start_frame": 210,
      "end_frame": 330,
      "start_frame_sample": 7,
      "end_frame_sample": 11,
      "score": 392.8158305220139,
      "representative_frame": {
        "index": 210,
        "sample_index": 7,
        "timestamp": 7.007000000000001
      }
    },
    {
      "start_frame": 360,
      "end_frame": 1500,
      "start_frame_sample": 12,
      "end_frame_sample": 50,
      "score": 58.17456474518478,
      "representative_frame": {
        "index": 360,
        "sample_index": 12,
        "timestamp": 12.012
      }
    },
    {
      "start_frame": 1530,
      "end_frame": 1740,
      "start_frame_sample": 51,
      "end_frame_sample": 58,
      "score": 44.8755672956385,
      "representative_frame": {
        "index": 1530,
        "sample_index": 51,
        "timestamp": 51.051
      }
    },
    {
      "start_frame": 1770,
      "end_frame": 1860,
      "start_frame_sample": 59,
      "end_frame_sample": 62,
      "score": 34.90550618531178,
      "representative_frame": {
        "index": 1770,
        "sample_index": 59,
        "timestamp": 59.059000000000005
      }
    },
    {
      "start_frame": 1890,
      "end_frame": 3060,
      "start_frame_sample": 63,
      "end_frame_sample": 102,
      "score": 165.68248019397222,
      "representative_frame": {
        "index": 1890,
        "sample_index": 63,
        "timestamp": 63.063
      }
    },
    {
      "start_frame": 3090,
      "end_frame": 3120,
      "start_frame_sample": 103,
      "end_frame_sample": 104,
      "score": 105.3123168068564,
      "representative_frame": {
        "index": 3090,
        "sample_index": 103,
        "timestamp": 103.10300000000001
      }
    },
    {
      "start_frame": 3150,
      "end_frame": 3150,
      "start_frame_sample": 105,
      "end_frame_sample": 105,
      "score": 89.39033986603289,
      "representative_frame": {
        "index": 3150,
        "sample_index": 105,
        "timestamp": 105.105
      }
    },
    {
      "start_frame": 3180,
      "end_frame": 3210,
      "start_frame_sample": 106,
      "end_frame_sample": 107,
      "score": 134.23095431064573,
      "representative_frame": {
        "index": 3180,
        "sample_index": 106,
        "timestamp": 106.10600000000001
      }
    },
    {
      "start_frame": 3240,
      "end_frame": 3300,
      "start_frame_sample": 108,
      "end_frame_sample": 110,
      "score": 30.96607495432785,
      "representative_frame": {
        "index": 3240,
        "sample_index": 108,
        "timestamp": 108.108
      }
    },
    {
      "start_frame": 3330,
      "end_frame": 3330,
      "start_frame_sample": 111,
      "end_frame_sample": 111,
      "score": 104.92175204081829,
      "representative_frame": {
        "index": 3330,
        "sample_index": 111,
        "timestamp": 111.111
      }
    },
    {
      "start_frame": 3360,
      "end_frame": 3420,
      "start_frame_sample": 112,
      "end_frame_sample": 114,
      "score": 394.71080193302225,
      "representative_frame": {
        "index": 3360,
        "sample_index": 112,
        "timestamp": 112.11200000000001
      }
    },
    {
      "start_frame": 3450,
      "end_frame": 3510,
      "start_frame_sample": 115,
      "end_frame_sample": 117,
      "score": 0.0,
      "representative_frame": {
        "index": 3450,
        "sample_index": 115,
        "timestamp": 115.11500000000001
      }
    }
  ]
}