{
  "video": "/data5/zgw/video_datasets/Video-MME/videos/-qTAeVGl_e8.mp4",
  "video_name": "-qTAeVGl_e8",
  "fps": 29.97002997002997,
  "sample_rate": 1.0,
  "frame_count": 2492,
  "duration": 83.14973333333333,
  "width": 1280,
  "height": 720,
  "sampled_frame_indices": [
    0,
    30,
    60,
    90,
    120,
    150,
    180,
    210,
    240,
    270,
    300,
    330,
    360,
    390,
    420,
    450,
    480,
    510,
    540,
    570,
    600,
    630,
    660,
    690,
    720,
    750,
    780,
    810,
    840,
    870,
    900,
    930,
    960,
    990,
    1020,
    1050,
    1080,
    1110,
    1140,
    1170,
    1200,
    1230,
    1260,
    1290,
    1320,
    1350,
    1380,
    1410,
    1440,
    1470,
    1500,
    1530,
    1560,
    1590,
    1620,
    1650,
    1680,
    1710,
    1740,
    1770,
    1800,
    1830,
    1860,
    1890,
    1920,
    1950,
    1980,
    2010,
    2040,
    2070,
    2100,
    2130,
    2160,
    2190,
    2220,
    2250,
    2280,
    2310,
    2340,
    2370,
    2400,
    2430,
    2460,
    2490
  ],
  "shots": [
    {
      "start_frame": 0,
      "end_frame": 1020,
      "start_frame_sample": 0,
      "end_frame_sample": 34,
      "score": 253.35093611788494,
      "representative_frame": {
        "index": 0,
        "sample_index": 0,
        "timestamp": 0.0
      }
    },
    {
      "start_frame": 1050,
      "end_frame": 2400,
      "start_frame_sample": 35,
      "end_frame_sample": 80,
      "score": 34.072182158998956,
      "representative_frame": {
        "index": 1050,
        "sample_index": 35,
        "timestamp": 35.035000000000004
      }
    },
    {
      "start_frame": 2430,
      "end_frame": 2490,
      "start_frame_sample": 81,
      "end_frame_sample": 83,
      "score": 0.0,
      "representative_frame": {
        "index": 2430,
        "sample_index": 81,
        "timestamp": 81.081
      }
    }
  ]
}