{
  "video": "/data5/zgw/video_datasets/Video-MME/videos/6NVr0cNiHPM.mp4",
  "video_name": "6NVr0cNiHPM",
  "fps": 23.976023976023978,
  "sample_rate": 1.0,
  "frame_count": 3132,
  "duration": 130.63049999999998,
  "width": 1280,
  "height": 720,
  "sampled_frame_indices": [
    0,
    24,
    48,
    72,
    96,
    120,
    144,
    168,
    192,
    216,
    240,
    264,
    288,
    312,
    336,
    360,
    384,
    408,
    432,
    456,
    480,
    504,
    528,
    552,
    576,
    600,
    624,
    648,
    672,
    696,
    720,
    744,
    768,
    792,
    816,
    840,
    864,
    888,
    912,
    936,
    960,
    984,
    1008,
    1032,
    1056,
    1080,
    1104,
    1128,
    1152,
    1176,
    1200,
    1224,
    1248,
    1272,
    1296,
    1320,
    1344,
    1368,
    1392,
    1416,
    1440,
    1464,
    1488,
    1512,
    1536,
    1560,
    1584,
    1608,
    1632,
    1656,
    1680,
    1704,
    1728,
    1752,
    1776,
    1800,
    1824,
    1848,
    1872,
    1896,
    1920,
    1944,
    1968,
    1992,
    2016,
    2040,
    2064,
    2088,
    2112,
    2136,
    2160,
    2184,
    2208,
    2232,
    2256,
    2280,
    2304,
    2328,
    2352,
    2376,
    2400,
    2424,
    2448,
    2472,
    2496,
    2520,
    2544,
    2568,
    2592,
    2616,
    2640,
    2664,
    2688,
    2712,
    2736,
    2760,
    2784,
    2808,
    2832,
    2856,
    2880,
    2904,
    2928,
    2952,
    2976,
    3000,
    3024,
    3048,
    3072,
    3096,
    3120
  ],
  "shots": [
    {
      "start_frame": 0,
      "end_frame": 72,
      "start_frame_sample": 0,
      "end_frame_sample": 3,
      "score": 2848.2961962337426,
      "representative_frame": {
        "index": 0,
        "sample_index": 0,
        "timestamp": 0.0
      }
    },
    {
      "start_frame": 96,
      "end_frame": 144,
      "start_frame_sample": 4,
      "end_frame_sample": 6,
      "score": 967.9232428923615,
      "representative_frame": {
        "index": 96,
        "sample_index": 4,
        "timestamp": 4.004
      }
    },
    {
      "start_frame": 168,
      "end_frame": 384,
      "start_frame_sample": 7,
      "end_frame_sample": 16,
      "score": 72.05035644326588,
      "representative_frame": {
        "index": 168,
        "sample_index": 7,
        "timestamp": 7.007
      }
    },
    {
      "start_frame": 408,
      "end_frame": 984,
      "start_frame_sample": 17,
      "end_frame_sample": 41,
      "score": 72.05754953696609,
      "representative_frame": {
        "index": 408,
        "sample_index": 17,
        "timestamp": 17.017
      }
    },
    {
      "start_frame": 1008,
      "end_frame": 1056,
      "start_frame_sample": 42,
      "end_frame_sample": 44,
      "score": 79.7917661227512,
      "representative_frame": {
        "index": 1008,
        "sample_index": 42,
        "timestamp": 42.041999999999994
      }
    },
    {
      "start_frame": 1080,
      "end_frame": 1080,
      "start_frame_sample": 45,
      "end_frame_sample": 45,
      "score": 784.4191424251566,
      "representative_frame": {
        "index": 1080,
        "sample_index": 45,
        "timestamp": 45.044999999999995
      }
    },
    {
      "start_frame": 1104,
      "end_frame": 1200,
      "start_frame_sample": 46,
      "end_frame_sample": 50,
      "score": 177.05017026037152,
      "representative_frame": {
        "index": 1104,
        "sample_index": 46,
        "timestamp": 46.046
      }
    },
    {
      "start_frame": 1224,
      "end_frame": 1248,
      "start_frame_sample": 51,
      "end_frame_sample": 52,
      "score": 153.48216780326106,
      "representative_frame": {
        "index": 1224,
        "sample_index": 51,
        "timestamp": 51.050999999999995
      }
    },
    {
      "start_frame": 1272,
      "end_frame": 1368,
      "start_frame_sample": 53,
      "end_frame_sample": 57,
      "score": 93.06225111871973,
      "representative_frame": {
        "index": 1272,
        "sample_index": 53,
        "timestamp": 53.053
      }
    },
    {
      "start_frame": 1392,
      "end_frame": 1416,
      "start_frame_sample": 58,
      "end_frame_sample": 59,
      "score": 150.59309774952123,
      "representative_frame": {
        "index": 1392,
        "sample_index": 58,
        "timestamp": 58.05799999999999
      }
    },
    {
      "start_frame": 1440,
      "end_frame": 1488,
      "start_frame_sample": 60,
      "end_frame_sample": 62,
      "score": 225.79504656932937,
      "representative_frame": {
        "index": 1440,
        "sample_index": 60,
        "timestamp": 60.059999999999995
      }
    },
    {
      "start_frame": 1512,
      "end_frame": 1536,
      "start_frame_sample": 63,
      "end_frame_sample": 64,
      "score": 55.10982748405269,
      "representative_frame": {
        "index": 1512,
        "sample_index": 63,
        "timestamp": 63.062999999999995
      }
    },
    {
      "start_frame": 1560,
      "end_frame": 1584,
      "start_frame_sample": 65,
      "end_frame_sample": 66,
      "score": 279.39852265881177,
      "representative_frame": {
        "index": 1560,
        "sample_index": 65,
        "timestamp": 65.065
      }
    },
    {
      "start_frame": 1608,
      "end_frame": 1632,
      "start_frame_sample": 67,
      "end_frame_sample": 68,
      "score": 57.6276208490722,
      "representative_frame": {
        "index": 1608,
        "sample_index": 67,
        "timestamp": 67.067
      }
    },
    {
      "start_frame": 1656,
      "end_frame": 1728,
      "start_frame_sample": 69,
      "end_frame_sample": 72,
      "score": 733.8643192371862,
      "representative_frame": {
        "index": 1656,
        "sample_index": 69,
        "timestamp": 69.06899999999999
      }
    },
    {
      "start_frame": 1752,
      "end_frame": 1800,
      "start_frame_sample": 73,
      "end_frame_sample": 75,
      "score": 55.017380221653156,
      "representative_frame": {
        "index": 1752,
        "sample_index": 73,
        "timestamp": 73.073
      }
    },
    {
      "start_frame": 1824,
      "end_frame": 2664,
      "start_frame_sample": 76,
      "end_frame_sample": 111,
      "score": 36.863414187089674,
      "representative_frame": {
        "index": 1824,
        "sample_index": 76,
        "timestamp": 76.076
      }
    },
    {
      "start_frame": 2688,
      "end_frame": 2736,
      "start_frame_sample": 112,
      "end_frame_sample": 114,
      "score": 360.59795817701615,
      "representative_frame": {
        "index": 2688,
        "sample_index": 112,
        "timestamp": 112.112
      }
    },
    {
      "start_frame": 2760,
      "end_frame": 2856,
      "start_frame_sample": 115,
      "end_frame_sample": 119,
      "score": 651.0380992659856,
      "representative_frame": {
        "index": 2760,
        "sample_index": 115,
        "timestamp": 115.115
      }
    },
    {
      "start_frame": 2880,
      "end_frame": 2952,
      "start_frame_sample": 120,
      "end_frame_sample": 123,
      "score": 268.7728896059734,
      "representative_frame": {
        "index": 2880,
        "sample_index": 120,
        "timestamp": 120.11999999999999
      }
    },
    {
      "start_frame": 2976,
      "end_frame": 3048,
      "start_frame_sample": 124,
      "end_frame_sample": 127,
      "score": 153.8038457882207,
      "representative_frame": {
        "index": 2976,
        "sample_index": 124,
        "timestamp": 124.124
      }
    },
    {
      "start_frame": 3072,
      "end_frame": 3120,
      "start_frame_sample": 128,
      "end_frame_sample": 130,
      "score": 0.0,
      "representative_frame": {
        "index": 3072,
        "sample_index": 128,
        "timestamp": 128.128
      }
    }
  ]
}