{
  "video": "/data5/zgw/video_datasets/Video-MME/videos/2QTiAmvygC4.mp4",
  "video_name": "2QTiAmvygC4",
  "fps": 29.97002997002997,
  "sample_rate": 1.0,
  "frame_count": 2581,
  "duration": 86.11936666666666,
  "width": 1280,
  "height": 720,
  "sampled_frame_indices": [
    0,
    30,
    60,
    90,
    120,
    150,
    180,
    210,
    240,
    270,
    300,
    330,
    360,
    390,
    420,
    450,
    480,
    510,
    540,
    570,
    600,
    630,
    660,
    690,
    720,
    750,
    780,
    810,
    840,
    870,
    900,
    930,
    960,
    990,
    1020,
    1050,
    1080,
    1110,
    1140,
    1170,
    1200,
    1230,
    1260,
    1290,
    1320,
    1350,
    1380,
    1410,
    1440,
    1470,
    1500,
    1530,
    1560,
    1590,
    1620,
    1650,
    1680,
    1710,
    1740,
    1770,
    1800,
    1830,
    1860,
    1890,
    1920,
    1950,
    1980,
    2010,
    2040,
    2070,
    2100,
    2130,
    2160,
    2190,
    2220,
    2250,
    2280,
    2310,
    2340,
    2370,
    2400,
    2430,
    2460,
    2490,
    2520,
    2550,
    2580
  ],
  "shots": [
    {
      "start_frame": 0,
      "end_frame": 240,
      "start_frame_sample": 0,
      "end_frame_sample": 8,
      "score": 44.88368257972327,
      "representative_frame": {
        "index": 0,
        "sample_index": 0,
        "timestamp": 0.0
      }
    },
    {
      "start_frame": 270,
      "end_frame": 2580,
      "start_frame_sample": 9,
      "end_frame_sample": 86,
      "score": 0.0,
      "representative_frame": {
        "index": 270,
        "sample_index": 9,
        "timestamp": 9.009
      }
    }
  ]
}